d15_target,b_target,note
/,/,Home
/nets/,/how-it-works/#nets,The weekly net and other nets
/nets/net-control/,/members/#rota,Net control rota (members hub)
/nets/repeaters/,/how-it-works/#weekly-net,Repeater settings box
/nets/#where-we-meet,/#visit,Anchor map: #where-we-meet retired to index.html#visit
/privacy/,/,No privacy page yet (§5.6); re-point when one exists
/join/,/#join,Join in four steps
/join/#apply,/about/#ares-path,How to apply (ARES path)
/join/#get-connected,/#join,Step 2 is in Join in four steps
/join/requirements/,/about/#membership,Joining chapter
/join/get-licensed/,/about/#licensing,Getting licensed
/about/,/about/,About ARES & ACS
/about/leadership/,/about/#leadership,Organization and leadership
/about/history/,/about/#history,History and W7GBU
/about/history/#plan,/about/#history,The old plan page is history now
/about/history/#amateur-code,/about/#history,Nearest chapter
/about/w7gbu/,/about/#w7gbu,W7GBU
/about/what-we-do/,/#what-we-do,What we do (Home)
/about/what-we-do/#alert-levels,/how-it-works/#alert-levels,Readiness levels
/about/what-we-do/#skywarn,/about/#who-we-serve,NWS Spokane SKYWARN is under Who we serve
/about/partners/#agreements,/about/#agreements,Agreements
/contact/,/about/#contact,Contact
/members/,/members/,For members
/library/,/members/documents/,Documents & forms
/library/#forms,/members/documents/#forms,Forms section
/library/#digital,/members/documents/#digital,Winlink & digital section
/library/#general,/members/documents/#reference,Reference section
/library/#membership,/members/documents/#join,Join & task books section
/library/#net-scripts,/members/documents/#net-scripts,Net scripts row
/library/#presentations,/members/documents/#not-here,Presentations are being recovered (Not posted here)
/library/go-kits/,/members/documents/#go-kits,Go-kit guide row
/library/resources/,/members/documents/,Documents & forms
/library/resources/#digital,/members/documents/#digital,Winlink & digital section
/library/resources/#rfi,/members/documents/#reference,Reference section (nearest)
