file	source_url	original_sha256	original_bytes	redactions
acs-task-book.html	https://ag7qp.com/acs-task-book	cd1fd601eb18e4ec5fdd81bb154fcef9c4ef476eaab1f1a69b851abb3543d41e	146952	10
ares-acs.html	https://ag7qp.com/ares-acs	322914a1ba62d1684e5b4a5b3e4ac558ab8d1d3395c05602d1b113957df454e7	157346	8
ares-task-book.html	https://ag7qp.com/ares-task-book	3c1427d22b848b6c8f3b776ca45d360b66fa4a2a119fa623c7f668f67dc9d5bb	147973	18
bsa-radio-merit-badge.html	https://ag7qp.com/bsa-radio-merit-badge	9a9ad98e4973f1afc879ad0982700b6bd4e60dc8f8328e52d32e7afd97974db9	107125	6
cert-go-kit.html	https://ag7qp.com/cert-go-kit	a949627be5eb8a4ee717b6343c2a8fb8bb3382427f0407ead2f5902dc84c91cf	97706	6
cert-ptbs.html	https://ag7qp.com/cert-ptbs	4f429ceab19a9ff2df7e8353c38ffee4076b2b4d873ed18c0797f86618f7263d	114280	6
cert.html	https://ag7qp.com/cert	4a80db0ec53da6576010e4bf797361c18f5628d0344b7383d8773e008c23bc03	122799	12
contact.html	https://ag7qp.com/contact	e3f5018f3bec5ea8ec2abdd4db82462d9314ddb40984f95cf5b077de9c634573	122022	6
disaster-resources.html	https://ag7qp.com/disaster-resources	a5e1867e0d238a945ac98f52d77c914b5ba25416d34282c374744342f2d091fa	107274	10
eastern-washington-section.html	https://ag7qp.com/eastern-washington-section	fdbcbef67454a129eb03d4c68985af3b570cf5f43a5af921567d95dcfb07b7d0	93468	12
emcomm-groups.html	https://ag7qp.com/emcomm-groups	0f8d8df739773910e0ce39f0d00fd7998467f3b9058f4afb1af1da317818942d	115287	110
emcomm-resources.html	https://ag7qp.com/emcomm-resources	89a832a60050fa58d497be5cf05248f14811f6c61aaec8697c3557a774f970ff	102162	6
emergency-communications-organizations-in-the-inland-northwest.html	https://ag7qp.com/emergency-communications-organizations-in-the-inland-northwest	5c617a1a90c8d7b303263eeba28466ced454d5b1f47ab2a18ad9f0ea35a0e81c	106776	6
fema-course-study-helps.html	https://ag7qp.com/fema-course-study-helps	a333f414dbd3a6d54e0b99a4223952d1a7f25a97d92a9561be49bf3fc440caa9	98535	6
general-information.html	https://ag7qp.com/general-information	426e64aa4038998982d821c675ef0116a9ae2836b7f8ca0c784817def99ee37d	132756	6
gmrs-license.html	https://ag7qp.com/gmrs-license	e559d651fafa26f2789378e93fe2bbb0f3acdeaca92a6e40764178197e832e14	99511	6
go-kits.html	https://ag7qp.com/go-kits	20142664e263fc01f57cd8543fb50b77eedead7abe32da5a384bfe99bfcf9a8e	124033	6
ham-radio-topics.html	https://ag7qp.com/ham-radio-topics	b113edc88c9e18deb026599249da7d1e02077c914bf9255748adf52b9d8f1485	89427	6
home.html	https://ag7qp.com/	4bcde9196f93d25023fe87e7a764af9208da9fed9aeb132a29d0d0d7f2836fd5	202169	26
ics-213.html	https://ag7qp.com/ics-213	6d3423e372e71f0ac99111563fbf98ffd9b8016207ad75688ae4aa0fd6d9c51b	99413	6
license-exams.html	https://ag7qp.com/license-exams	73e77a5757b678b63ccaa6c31d1793d383dc512adde9d2f039f1500436bff778	101665	22
license-renewals.html	https://ag7qp.com/license-renewals	fbd7d1b9c3aa7bb003010697fb74abba6a460c49ec043df724263231b8e40844	90059	6
licenses.html	https://ag7qp.com/licenses	bf9805aa6dde5776851e45c8b2135b9127bde73a08e5ce2ca426a26f59c4d468	171708	12
national-traffic-system.html	https://ag7qp.com/national-traffic-system	1bcad61cc2d379fc1488dc4a6d3e39ac8be83e6a4b18333bf6fa77483a3a30e9	93281	6
nets-in-the-inland-northwest.html	https://ag7qp.com/nets-in-the-inland-northwest	fc04328be77ab191418b75ae01723ea0a95849cc9b7a5d1eabbfc79c39c9e7cc	126517	8
new-members-orientation.html	https://ag7qp.com/new-members-orientation	e8ae99f2f38f7fdc7e6aa40bf5e9fa6a7c2c44ddb7c3a97878f81e5a7b1c5ed7	126700	6
pota-sota.html	https://ag7qp.com/pota-sota	1e2bfeafd89f59ba4fc278a95f41fa7ba26e192eeafbe5b3567b7db1692cabeb	91103	6
preparing-for-public-service-communications.html	https://ag7qp.com/preparing-for-public-service-communications	a5a189d2407ab7d0edd7d91d6e05a0709d8a251b9fa26dd74b34c11088394936	92907	6
programming-radios.html	https://ag7qp.com/programming-radios	cdf2d64c14506af8a67e56d403fa9c08bb2163a78d85a8baca06534239485e38	110086	8
radio-servicesfirst-radio.html	https://ag7qp.com/radio-servicesfirst-radio	f099f26c62316b9246169e1a1d0c748fee85ee8ad8f3cf9de026d0cfbd3adacc	111510	6
spokane-county-ares-acs.html	https://ag7qp.com/spokane-county-ares-acs	5141dc78919f856d17ff4be4ef68e0ea852f86cf77b32ccdfb66998954e213b5	94171	8
when-the-lights-go-dark-emergency-communications-options-in-the-inland-northwest.html	https://ag7qp.com/when-the-lights-go-dark-emergency-communications-options-in-the-inland-northwest	a48546ae97c70f2d27de96b9ba21f48113d784d251770f28218e3ef794d3c76a	98801	6
winlink.html	https://ag7qp.com/winlink	1bc48ac22643e4b28df91f9581e22cbb042afe17247c5e820863ffd02103f935	134162	6
