event_id,category_id,category,category_slug,title,start,date_text,location,street,locality,latitude,longitude,description,url,source_file,aliases
1,30,Regular Meetings/Training,regular-meetings-training,Second Saturday Amateur Workshop,2017-08-12T09:00:00-0700,"Sat. Aug 12, 2017 9:00 - 12:00",Spokane County DEM Building,1121 W Gardner,Spokane,47.666507720947,-117.429534912109,,https://www.spokares.org/index.php/component/jcalpro/30-regular-meetings-training/1-digital-training,www.spokares.org/index.php/component/jcalpro/30-regular-meetings-training/1-digital-training.html,2
242,27,Weekly Net Controllers,weekly-net-controllers,KG7GFQ,2017-08-29T20:00:00-0700,"Tue. Aug 29, 2017 20:00 - 21:00",Spokane Fire Training Center,1618 N Rebecca,Spokane,47.673828125000,-117.351425170898,,https://www.spokares.org/index.php/component/jcalpro/27-weekly-net-controllers/242-kg7gfq,www.spokares.org/index.php/component/jcalpro/27-weekly-net-controllers/242-kg7gfq.html,2
950,30,Regular Meetings/Training,regular-meetings-training,Second Saturday Amateur Workshop,2017-09-09T09:00:00-0700,"Sat. Sep 9, 2017 9:00 - 12:00",Spokane County DEM Building,1121 W Gardner,Spokane,47.666507720947,-117.429534912109,,https://www.spokares.org/index.php/component/jcalpro/30-regular-meetings-training/950-digital-training,www.spokares.org/index.php/component/jcalpro/30-regular-meetings-training/950-digital-training.html,2
622,27,Weekly Net Controllers,weekly-net-controllers,AG7IG,2017-09-26T20:00:00-0700,"Tue. Sep 26, 2017 20:00 - 21:00",Spokane Fire Training Center,1618 N Rebecca,Spokane,47.673828125000,-117.351425170898,,https://www.spokares.org/index.php/component/jcalpro/27-weekly-net-controllers/622-ag7ig,www.spokares.org/index.php/component/jcalpro/27-weekly-net-controllers/622-ag7ig.html,2
625,27,Weekly Net Controllers,weekly-net-controllers,WA7AQH,2017-10-10T20:00:00-0700,"Tue. Oct 10, 2017 20:00 - 21:00",,,,,,,https://www.spokares.org/index.php/component/jcalpro/27-weekly-net-controllers/625-wa7aqh,www.spokares.org/index.php/component/jcalpro/27-weekly-net-controllers/625-wa7aqh.html,2
951,30,Regular Meetings/Training,regular-meetings-training,Second Saturday Amateur Workshop,2017-10-14T09:00:00-0700,"Sat. Oct 14, 2017 9:00 - 12:00",Spokane County DEM Building,1121 W Gardner,Spokane,47.666507720947,-117.429534912109,,https://www.spokares.org/index.php/component/jcalpro/30-regular-meetings-training/951-digital-training,www.spokares.org/index.php/component/jcalpro/30-regular-meetings-training/951-digital-training.html,2
626,27,Weekly Net Controllers,weekly-net-controllers,K7DSR,2017-10-17T20:00:00-0700,"Tue. Oct 17, 2017 20:00 - 21:00",,,,,,,https://www.spokares.org/index.php/component/jcalpro/27-weekly-net-controllers/626-k7dsr,www.spokares.org/index.php/component/jcalpro/27-weekly-net-controllers/626-k7dsr.html,2
624,27,Weekly Net Controllers,weekly-net-controllers,W7HEE,2017-10-24T20:00:00-0700,"Tue. Oct 24, 2017 20:00 - 21:00",,,,,,,https://www.spokares.org/index.php/component/jcalpro/27-weekly-net-controllers/624-w7hee,www.spokares.org/index.php/component/jcalpro/27-weekly-net-controllers/624-w7hee.html,2
627,27,Weekly Net Controllers,weekly-net-controllers,KI7DQB,2017-10-31T20:00:00-0700,"Tue. Oct 31, 2017 20:00 - 21:00",,,,,,,https://www.spokares.org/index.php/component/jcalpro/27-weekly-net-controllers/627-ki7dqb,www.spokares.org/index.php/component/jcalpro/27-weekly-net-controllers/627-ki7dqb.html,2
952,30,Regular Meetings/Training,regular-meetings-training,Second Saturday Amateur Workshop,2017-11-11T09:00:00-0800,"Sat. Nov 11, 2017 9:00 - 12:00",Spokane County DEM Building,1121 W Gardner,Spokane,47.666507720947,-117.429534912109,,https://www.spokares.org/index.php/component/jcalpro/30-regular-meetings-training/952-digital-training,www.spokares.org/index.php/component/jcalpro/30-regular-meetings-training/952-digital-training.html,2
628,27,Weekly Net Controllers,weekly-net-controllers,KE7RAP,2017-11-14T20:00:00-0800,"Tue. Nov 14, 2017 20:00 - 21:00",,,,,,,https://www.spokares.org/index.php/component/jcalpro/27-weekly-net-controllers/628-ke7rap,www.spokares.org/index.php/component/jcalpro/27-weekly-net-controllers/628-ke7rap.html,2
630,27,Weekly Net Controllers,weekly-net-controllers,KE7IAT,2017-11-21T20:00:00-0800,"Tue. Nov 21, 2017 20:00 - 21:00",,,,,,,https://www.spokares.org/index.php/component/jcalpro/27-weekly-net-controllers/630-ke7iat,www.spokares.org/index.php/component/jcalpro/27-weekly-net-controllers/630-ke7iat.html,2
631,31,Other Events,other-events,QRP Day on the Noontime Net,2017-11-25T10:00:00-0800,"Sat. Nov 25, 2017 10:00 - 13:00",,,,,,,https://www.spokares.org/index.php/component/jcalpro/31-other-events/631-qrp-day-on-the-noontime-net,www.spokares.org/index.php/component/jcalpro/31-other-events/631-qrp-day-on-the-noontime-net.html,2
629,27,Weekly Net Controllers,weekly-net-controllers,AG7IG,2017-11-28T20:00:00-0800,"Tue. Nov 28, 2017 20:00 - 21:00",Spokane Fire Training Center,1618 N Rebecca,Spokane,47.673828125000,-117.351425170898,,https://www.spokares.org/index.php/component/jcalpro/27-weekly-net-controllers/629-ag7ig,www.spokares.org/index.php/component/jcalpro/27-weekly-net-controllers/629-ag7ig.html,2
632,27,Weekly Net Controllers,weekly-net-controllers,KE7RAP,2017-12-05T20:00:00-0800,"Tue. Dec 5, 2017 20:00 - 21:00",Spokane Fire Training Center,1618 N Rebecca,Spokane,47.673828125000,-117.351425170898,,https://www.spokares.org/index.php/component/jcalpro/27-weekly-net-controllers/632-ke7rap,www.spokares.org/index.php/component/jcalpro/27-weekly-net-controllers/632-ke7rap.html,2
953,30,Regular Meetings/Training,regular-meetings-training,Second Saturday Amateur Workshop,2017-12-09T09:00:00-0800,"Sat. Dec 9, 2017 9:00 - 12:00",Spokane County DEM Building,1121 W Gardner,Spokane,47.666507720947,-117.429534912109,,https://www.spokares.org/index.php/component/jcalpro/30-regular-meetings-training/953-digital-training,www.spokares.org/index.php/component/jcalpro/30-regular-meetings-training/953-digital-training.html,2
633,27,Weekly Net Controllers,weekly-net-controllers,AG7IG,2017-12-12T20:00:00-0800,"Tue. Dec 12, 2017 20:00 - 21:00",Spokane Fire Training Center,1618 N Rebecca,Spokane,47.673828125000,-117.351425170898,,https://www.spokares.org/index.php/component/jcalpro/27-weekly-net-controllers/633-ag7ig,www.spokares.org/index.php/component/jcalpro/27-weekly-net-controllers/633-ag7ig.html,2
634,27,Weekly Net Controllers,weekly-net-controllers,N7MCB,2017-12-19T20:00:00-0800,"Tue. Dec 19, 2017 20:00 - 21:00",,,,,,,https://www.spokares.org/index.php/component/jcalpro/27-weekly-net-controllers/634-n7mcb,www.spokares.org/index.php/component/jcalpro/27-weekly-net-controllers/634-n7mcb.html,2
635,27,Weekly Net Controllers,weekly-net-controllers,KE7IAT,2017-12-26T20:00:00-0800,"Tue. Dec 26, 2017 20:00 - 21:00",,,,,,,https://www.spokares.org/index.php/component/jcalpro/27-weekly-net-controllers/635-ke7iat,www.spokares.org/index.php/component/jcalpro/27-weekly-net-controllers/635-ke7iat.html,2
636,27,Weekly Net Controllers,weekly-net-controllers,KE7IAT,2018-01-02T20:00:00-0800,"Tue. Jan 2, 2018 20:00 - 21:00",Spokane Fire Training Center,1618 N Rebecca,Spokane,47.673828125000,-117.351425170898,,https://www.spokares.org/index.php/component/jcalpro/27-weekly-net-controllers/636-ke7iat,www.spokares.org/index.php/component/jcalpro/27-weekly-net-controllers/636-ke7iat.html,2
637,27,Weekly Net Controllers,weekly-net-controllers,AD7DD,2018-01-09T20:00:00-0800,"Tue. Jan 9, 2018 20:00 - 21:00",,,,,,,https://www.spokares.org/index.php/component/jcalpro/27-weekly-net-controllers/637-ad7dd,www.spokares.org/index.php/component/jcalpro/27-weekly-net-controllers/637-ad7dd.html,2
954,30,Regular Meetings/Training,regular-meetings-training,Second Saturday Amateur Workshop,2018-01-13T09:00:00-0800,"Sat. Jan 13, 2018 9:00 - 12:00",Spokane County DEM Building,1121 W Gardner,Spokane,47.666507720947,-117.429534912109,,https://www.spokares.org/index.php/component/jcalpro/30-regular-meetings-training/954-digital-training,www.spokares.org/index.php/component/jcalpro/30-regular-meetings-training/954-digital-training.html,2
639,27,Weekly Net Controllers,weekly-net-controllers,KE7RAP,2018-01-16T20:00:00-0800,"Tue. Jan 16, 2018 20:00 - 21:00",,,,,,,https://www.spokares.org/index.php/component/jcalpro/27-weekly-net-controllers/639-ke7rap,www.spokares.org/index.php/component/jcalpro/27-weekly-net-controllers/639-ke7rap.html,2
567,30,Regular Meetings/Training,regular-meetings-training,ARES / RACES Meeting,2018-01-18T19:00:00-0800,"Thu. Jan 18, 2018 19:00 - 21:00",Spokane Fire Training Center,1618 N Rebecca,Spokane,47.673828125000,-117.351425170898,,https://www.spokares.org/index.php/component/jcalpro/30-regular-meetings-training/567-ares-races-meeting,www.spokares.org/index.php/component/jcalpro/30-regular-meetings-training/567-ares-races-meeting.html,2
640,27,Weekly Net Controllers,weekly-net-controllers,W7HEE,2018-01-23T20:00:00-0800,"Tue. Jan 23, 2018 20:00 - 21:00",,,,,,,https://www.spokares.org/index.php/component/jcalpro/27-weekly-net-controllers/640-w7hee,www.spokares.org/index.php/component/jcalpro/27-weekly-net-controllers/640-w7hee.html,2
641,27,Weekly Net Controllers,weekly-net-controllers,AG7IG,2018-01-30T20:00:00-0800,"Tue. Jan 30, 2018 20:00 - 21:00",Spokane Fire Training Center,1618 N Rebecca,Spokane,47.673828125000,-117.351425170898,,https://www.spokares.org/index.php/component/jcalpro/27-weekly-net-controllers/641-ag7ig,www.spokares.org/index.php/component/jcalpro/27-weekly-net-controllers/641-ag7ig.html,2
642,27,Weekly Net Controllers,weekly-net-controllers,W7TSC,2018-02-06T20:00:00-0800,"Tue. Feb 6, 2018 20:00 - 21:00",Spokane Fire Training Center,1618 N Rebecca,Spokane,47.673828125000,-117.351425170898,,https://www.spokares.org/index.php/component/jcalpro/27-weekly-net-controllers/642-w7tsc,www.spokares.org/index.php/component/jcalpro/27-weekly-net-controllers/642-w7tsc.html,2
509,30,Regular Meetings/Training,regular-meetings-training,Digital Training,2018-02-10T09:00:00-0800,"Sat. Feb 10, 2018 9:00 - 12:00",Spokane Fire Training Center,1618 N Rebecca,Spokane,47.673828125000,-117.351425170898,,https://www.spokares.org/index.php/component/jcalpro/30-regular-meetings-training/509-digital-training,www.spokares.org/index.php/component/jcalpro/30-regular-meetings-training/509-digital-training.html,2
955,30,Regular Meetings/Training,regular-meetings-training,Second Saturday Amateur Workshop,2018-02-10T09:00:00-0800,"Sat. Feb 10, 2018 9:00 - 12:00",Spokane County DEM Building,1121 W Gardner,Spokane,47.666507720947,-117.429534912109,,https://www.spokares.org/index.php/component/jcalpro/30-regular-meetings-training/955-digital-training,www.spokares.org/index.php/component/jcalpro/30-regular-meetings-training/955-digital-training.html,2
643,27,Weekly Net Controllers,weekly-net-controllers,KE7RAP,2018-02-13T20:00:00-0800,"Tue. Feb 13, 2018 20:00 - 21:00",,,,,,,https://www.spokares.org/index.php/component/jcalpro/27-weekly-net-controllers/643-ke7rap,www.spokares.org/index.php/component/jcalpro/27-weekly-net-controllers/643-ke7rap.html,2
644,27,Weekly Net Controllers,weekly-net-controllers,K7DSR,2018-02-20T20:00:00-0800,"Tue. Feb 20, 2018 20:00 - 21:00",,,,,,,https://www.spokares.org/index.php/component/jcalpro/27-weekly-net-controllers/644-need-volunteer,www.spokares.org/index.php/component/jcalpro/27-weekly-net-controllers/644-need-volunteer.html,2
645,27,Weekly Net Controllers,weekly-net-controllers,W7HEE,2018-02-27T20:00:00-0800,"Tue. Feb 27, 2018 20:00 - 21:00",,,,,,,https://www.spokares.org/index.php/component/jcalpro/27-weekly-net-controllers/645-w7hee,www.spokares.org/index.php/component/jcalpro/27-weekly-net-controllers/645-w7hee.html,2
646,27,Weekly Net Controllers,weekly-net-controllers,N7MCB,2018-03-06T20:00:00-0800,"Tue. Mar 6, 2018 20:00 - 21:00",Spokane Fire Training Center,1618 N Rebecca,Spokane,47.673828125000,-117.351425170898,,https://www.spokares.org/index.php/component/jcalpro/27-weekly-net-controllers/646-n7mcb,www.spokares.org/index.php/component/jcalpro/27-weekly-net-controllers/646-n7mcb.html,2
956,30,Regular Meetings/Training,regular-meetings-training,Second Saturday Amateur Workshop,2018-03-10T09:00:00-0800,"Sat. Mar 10, 2018 9:00 - 12:00",Spokane County DEM Building,1121 W Gardner,Spokane,47.666507720947,-117.429534912109,,https://www.spokares.org/index.php/component/jcalpro/30-regular-meetings-training/956-digital-training,www.spokares.org/index.php/component/jcalpro/30-regular-meetings-training/956-digital-training.html,2
647,27,Weekly Net Controllers,weekly-net-controllers,KG7RRG,2018-03-13T20:00:00-0700,"Tue. Mar 13, 2018 20:00 - 21:00",,,,,,,https://www.spokares.org/index.php/component/jcalpro/27-weekly-net-controllers/647-kg7rrg,www.spokares.org/index.php/component/jcalpro/27-weekly-net-controllers/647-kg7rrg.html,2
650,29,Qualifications Training,qualifications-training,Helicopter Training,2018-03-16T18:00:00-0700,"Fri. Mar 16, 2018 18:00 - 20:00",Spokane County Sheriffs Training Center,6011 N. Chase Rd.,Newman Lake,47.711574554443,-117.053710937500,,https://www.spokares.org/index.php/component/jcalpro/29-qualifications-training/650-helicopter-training,www.spokares.org/index.php/component/jcalpro/29-qualifications-training/650-helicopter-training.html,2
648,27,Weekly Net Controllers,weekly-net-controllers,KE7RAP,2018-03-20T20:00:00-0700,"Tue. Mar 20, 2018 20:00 - 21:00",Spokane Fire Training Center,1618 N Rebecca,Spokane,47.673828125000,-117.351425170898,,https://www.spokares.org/index.php/component/jcalpro/27-weekly-net-controllers/648-ke7rap,www.spokares.org/index.php/component/jcalpro/27-weekly-net-controllers/648-ke7rap.html,2
649,27,Weekly Net Controllers,weekly-net-controllers,AG7IG,2018-03-27T20:00:00-0700,"Tue. Mar 27, 2018 20:00 - 21:00",Spokane Fire Training Center,1618 N Rebecca,Spokane,47.673828125000,-117.351425170898,,https://www.spokares.org/index.php/component/jcalpro/27-weekly-net-controllers/649-ag7ig,www.spokares.org/index.php/component/jcalpro/27-weekly-net-controllers/649-ag7ig.html,2
638,28,Upcoming Exercises,upcoming-exercises,"5th Saturday Exercise - 2018, March 31",2018-03-31T09:00:00-0700,"Sat. Mar 31, 2018 9:00 - 13:00",,,,,,,https://www.spokares.org/index.php/component/jcalpro/28-upcoming-exercises/638-5th-saturday-exercise-2018-march-31,www.spokares.org/index.php/component/jcalpro/28-upcoming-exercises/638-5th-saturday-exercise-2018-march-31.html,2
652,27,Weekly Net Controllers,weekly-net-controllers,N7MCB,2018-04-03T20:00:00-0700,"Tue. Apr 3, 2018 20:00 - 21:00",,,,,,,https://www.spokares.org/index.php/component/jcalpro/27-weekly-net-controllers/652-n7mcb,www.spokares.org/index.php/component/jcalpro/27-weekly-net-controllers/652-n7mcb.html,2
653,27,Weekly Net Controllers,weekly-net-controllers,AD7DD,2018-04-10T20:00:00-0700,"Tue. Apr 10, 2018 20:00 - 21:00",,,,,,,https://www.spokares.org/index.php/component/jcalpro/27-weekly-net-controllers/653-ad7dd,www.spokares.org/index.php/component/jcalpro/27-weekly-net-controllers/653-ad7dd.html,2
957,30,Regular Meetings/Training,regular-meetings-training,Second Saturday Amateur Workshop,2018-04-14T09:00:00-0700,"Sat. Apr 14, 2018 9:00 - 12:00",Spokane County DEM Building,1121 W Gardner,Spokane,47.666507720947,-117.429534912109,,https://www.spokares.org/index.php/component/jcalpro/30-regular-meetings-training/957-digital-training,www.spokares.org/index.php/component/jcalpro/30-regular-meetings-training/957-digital-training.html,2
656,27,Weekly Net Controllers,weekly-net-controllers,KE7RAP,2018-04-17T20:00:00-0700,"Tue. Apr 17, 2018 20:00 - 21:00",,,,,,,https://www.spokares.org/index.php/component/jcalpro/27-weekly-net-controllers/656-ke7rap,www.spokares.org/index.php/component/jcalpro/27-weekly-net-controllers/656-ke7rap.html,2
657,27,Weekly Net Controllers,weekly-net-controllers,W7TSC,2018-04-24T20:00:00-0700,"Tue. Apr 24, 2018 20:00 - 21:00",,,,,,,https://www.spokares.org/index.php/component/jcalpro/27-weekly-net-controllers/657-kg7rrg,www.spokares.org/index.php/component/jcalpro/27-weekly-net-controllers/657-kg7rrg.html,2
778,27,Weekly Net Controllers,weekly-net-controllers,K7EFR,2018-05-01T20:00:00-0700,"Tue. May 1, 2018 20:00 - 21:00",,,,,,,https://www.spokares.org/index.php/component/jcalpro/27-weekly-net-controllers/778-open,www.spokares.org/index.php/component/jcalpro/27-weekly-net-controllers/778-open.html,2
781,27,Weekly Net Controllers,weekly-net-controllers,N7MCB,2018-05-08T20:00:00-0700,"Tue. May 8, 2018 20:00 - 21:00",,,,,,,https://www.spokares.org/index.php/component/jcalpro/27-weekly-net-controllers/781-n7mcb,www.spokares.org/index.php/component/jcalpro/27-weekly-net-controllers/781-n7mcb.html,2
958,30,Regular Meetings/Training,regular-meetings-training,Second Saturday Amateur Workshop,2018-05-12T09:00:00-0700,"Sat. May 12, 2018 9:00 - 12:00",Spokane County DEM Building,1121 W Gardner,Spokane,47.666507720947,-117.429534912109,,https://www.spokares.org/index.php/component/jcalpro/30-regular-meetings-training/958-digital-training,www.spokares.org/index.php/component/jcalpro/30-regular-meetings-training/958-digital-training.html,2
776,27,Weekly Net Controllers,weekly-net-controllers,KG7RRG,2018-05-15T20:00:00-0700,"Tue. May 15, 2018 20:00 - 21:00",,,,,,,https://www.spokares.org/index.php/component/jcalpro/27-weekly-net-controllers/776-kg7rrg,www.spokares.org/index.php/component/jcalpro/27-weekly-net-controllers/776-kg7rrg.html,2
777,27,Weekly Net Controllers,weekly-net-controllers,KE7RAP,2018-05-22T20:00:00-0700,"Tue. May 22, 2018 20:00 - 21:00",,,,,,,https://www.spokares.org/index.php/component/jcalpro/27-weekly-net-controllers/777-ke7rap,www.spokares.org/index.php/component/jcalpro/27-weekly-net-controllers/777-ke7rap.html,2
782,27,Weekly Net Controllers,weekly-net-controllers,WA7AQH,2018-05-29T20:00:00-0700,"Tue. May 29, 2018 20:00 - 21:00",,,,,,,https://www.spokares.org/index.php/component/jcalpro/27-weekly-net-controllers/782-wa7aqh,www.spokares.org/index.php/component/jcalpro/27-weekly-net-controllers/782-wa7aqh.html,2
783,27,Weekly Net Controllers,weekly-net-controllers,K7EFR,2018-06-05T20:00:00-0700,"Tue. Jun 5, 2018 20:00 - 21:00",,,,,,,https://www.spokares.org/index.php/component/jcalpro/27-weekly-net-controllers/783-k7efr,www.spokares.org/index.php/component/jcalpro/27-weekly-net-controllers/783-k7efr.html,2
959,30,Regular Meetings/Training,regular-meetings-training,Second Saturday Amateur Workshop,2018-06-09T09:00:00-0700,"Sat. Jun 9, 2018 9:00 - 12:00",Spokane County DEM Building,1121 W Gardner,Spokane,47.666507720947,-117.429534912109,,https://www.spokares.org/index.php/component/jcalpro/30-regular-meetings-training/959-digital-training,www.spokares.org/index.php/component/jcalpro/30-regular-meetings-training/959-digital-training.html,2
651,31,Other Events,other-events,Field Day 2018,2018-06-23T09:00:00-0700,"Sat. Jun 23, 2018 9:00 - Sun. Jun 24, 2018 21:00",,,,,,,https://www.spokares.org/index.php/component/jcalpro/31-other-events/651-field-day-2018,www.spokares.org/index.php/component/jcalpro/31-other-events/651-field-day-2018.html,2
960,30,Regular Meetings/Training,regular-meetings-training,Second Saturday Amateur Workshop,2018-07-14T09:00:00-0700,"Sat. Jul 14, 2018 9:00 - 12:00",Spokane County DEM Building,1121 W Gardner,Spokane,47.666507720947,-117.429534912109,,https://www.spokares.org/index.php/component/jcalpro/30-regular-meetings-training/960-digital-training,www.spokares.org/index.php/component/jcalpro/30-regular-meetings-training/960-digital-training.html,2
784,27,Weekly Net Controllers,weekly-net-controllers,W7HEE,2018-07-24T20:00:00-0700,"Tue. Jul 24, 2018 20:00 - 21:00",,,,,,,https://www.spokares.org/index.php/component/jcalpro/27-weekly-net-controllers/784-w7hee,www.spokares.org/index.php/component/jcalpro/27-weekly-net-controllers/784-w7hee.html,2
785,27,Weekly Net Controllers,weekly-net-controllers,KE7RAP,2018-07-31T20:00:00-0700,"Tue. Jul 31, 2018 20:00 - 21:00",,,,,,,https://www.spokares.org/index.php/component/jcalpro/27-weekly-net-controllers/785-ke7rap,www.spokares.org/index.php/component/jcalpro/27-weekly-net-controllers/785-ke7rap.html,2
786,27,Weekly Net Controllers,weekly-net-controllers,AG7IG,2018-08-07T20:00:00-0700,"Tue. Aug 7, 2018 20:00 - 21:00",Spokane County DEM Building,1121 W Gardner,Spokane,47.666507720947,-117.429534912109,,https://www.spokares.org/index.php/component/jcalpro/27-weekly-net-controllers/786-ag7ig,www.spokares.org/index.php/component/jcalpro/27-weekly-net-controllers/786-ag7ig.html,2
961,30,Regular Meetings/Training,regular-meetings-training,Second Saturday Amateur Workshop,2018-08-11T09:00:00-0700,"Sat. Aug 11, 2018 9:00 - 12:00",Spokane County DEM Building,1121 W Gardner,Spokane,47.666507720947,-117.429534912109,,https://www.spokares.org/index.php/component/jcalpro/30-regular-meetings-training/961-digital-training,www.spokares.org/index.php/component/jcalpro/30-regular-meetings-training/961-digital-training.html,2
787,27,Weekly Net Controllers,weekly-net-controllers,K7EFR,2018-08-14T20:00:00-0700,"Tue. Aug 14, 2018 20:00 - 21:00",,,,,,,https://www.spokares.org/index.php/component/jcalpro/27-weekly-net-controllers/787-k7efr,www.spokares.org/index.php/component/jcalpro/27-weekly-net-controllers/787-k7efr.html,2
788,27,Weekly Net Controllers,weekly-net-controllers,N7MCB,2018-08-28T20:00:00-0700,"Tue. Aug 28, 2018 20:00 - 21:00",,,,,,,https://www.spokares.org/index.php/component/jcalpro/27-weekly-net-controllers/788-n7mcb,www.spokares.org/index.php/component/jcalpro/27-weekly-net-controllers/788-n7mcb.html,2
962,30,Regular Meetings/Training,regular-meetings-training,Second Saturday Amateur Workshop,2018-09-08T09:00:00-0700,"Sat. Sep 8, 2018 9:00 - 12:00",Spokane County DEM Building,1121 W Gardner,Spokane,47.666507720947,-117.429534912109,,https://www.spokares.org/index.php/component/jcalpro/30-regular-meetings-training/962-digital-training,www.spokares.org/index.php/component/jcalpro/30-regular-meetings-training/962-digital-training.html,2
789,27,Weekly Net Controllers,weekly-net-controllers,K7EFR,2018-09-11T20:00:00-0700,"Tue. Sep 11, 2018 20:00 - 21:00",,,,,,,https://www.spokares.org/index.php/component/jcalpro/27-weekly-net-controllers/789-k7efr,www.spokares.org/index.php/component/jcalpro/27-weekly-net-controllers/789-k7efr.html,2
790,27,Weekly Net Controllers,weekly-net-controllers,NV2Z,2018-09-18T20:00:00-0700,"Tue. Sep 18, 2018 20:00 - 21:00",,,,,,,https://www.spokares.org/index.php/component/jcalpro/27-weekly-net-controllers/790-nv2z,www.spokares.org/index.php/component/jcalpro/27-weekly-net-controllers/790-nv2z.html,2
791,27,Weekly Net Controllers,weekly-net-controllers,W7HEE,2018-09-25T20:00:00-0700,"Tue. Sep 25, 2018 20:00 - 21:00",,,,,,,https://www.spokares.org/index.php/component/jcalpro/27-weekly-net-controllers/791-w7hee,www.spokares.org/index.php/component/jcalpro/27-weekly-net-controllers/791-w7hee.html,2
792,27,Weekly Net Controllers,weekly-net-controllers,ARES Staff Member,2018-10-02T20:00:00-0700,"Tue. Oct 2, 2018 20:00 - 21:00",Spokane County DEM Building,1121 W Gardner,Spokane,47.666507720947,-117.429534912109,,https://www.spokares.org/index.php/component/jcalpro/27-weekly-net-controllers/792-ares-staff-member,www.spokares.org/index.php/component/jcalpro/27-weekly-net-controllers/792-ares-staff-member.html,2
793,27,Weekly Net Controllers,weekly-net-controllers,KE7RAP,2018-10-09T20:00:00-0700,"Tue. Oct 9, 2018 20:00 - 21:00",,,,,,,https://www.spokares.org/index.php/component/jcalpro/27-weekly-net-controllers/793-ke7rap,www.spokares.org/index.php/component/jcalpro/27-weekly-net-controllers/793-ke7rap.html,2
963,30,Regular Meetings/Training,regular-meetings-training,Second Saturday Amateur Workshop,2018-10-13T09:00:00-0700,"Sat. Oct 13, 2018 9:00 - 12:00",Spokane County DEM Building,1121 W Gardner,Spokane,47.666507720947,-117.429534912109,,https://www.spokares.org/index.php/component/jcalpro/30-regular-meetings-training/963-digital-training,www.spokares.org/index.php/component/jcalpro/30-regular-meetings-training/963-digital-training.html,2
794,27,Weekly Net Controllers,weekly-net-controllers,NV2Z,2018-10-16T20:00:00-0700,"Tue. Oct 16, 2018 20:00 - 21:00",,,,,,,https://www.spokares.org/index.php/component/jcalpro/27-weekly-net-controllers/794-nv2z,www.spokares.org/index.php/component/jcalpro/27-weekly-net-controllers/794-nv2z.html,2
796,27,Weekly Net Controllers,weekly-net-controllers,K7EFR,2018-10-23T20:00:00-0700,"Tue. Oct 23, 2018 20:00 - 21:00",,,,,,,https://www.spokares.org/index.php/component/jcalpro/27-weekly-net-controllers/796-k7efr,www.spokares.org/index.php/component/jcalpro/27-weekly-net-controllers/796-k7efr.html,2
800,27,Weekly Net Controllers,weekly-net-controllers,TBD,2018-10-30T20:00:00-0700,"Tue. Oct 30, 2018 20:00 - 21:00",,,,,,,https://www.spokares.org/index.php/component/jcalpro/27-weekly-net-controllers/800-tbd,www.spokares.org/index.php/component/jcalpro/27-weekly-net-controllers/800-tbd.html,2
797,27,Weekly Net Controllers,weekly-net-controllers,KE7RAP,2018-11-06T20:00:00-0800,"Tue. Nov 6, 2018 20:00 - 21:00",,,,,,,https://www.spokares.org/index.php/component/jcalpro/27-weekly-net-controllers/797-ke7rap,www.spokares.org/index.php/component/jcalpro/27-weekly-net-controllers/797-ke7rap.html,2
964,30,Regular Meetings/Training,regular-meetings-training,Second Saturday Amateur Workshop,2018-11-10T09:00:00-0800,"Sat. Nov 10, 2018 9:00 - 12:00",Spokane County DEM Building,1121 W Gardner,Spokane,47.666507720947,-117.429534912109,,https://www.spokares.org/index.php/component/jcalpro/30-regular-meetings-training/964-digital-training,www.spokares.org/index.php/component/jcalpro/30-regular-meetings-training/964-digital-training.html,2
798,27,Weekly Net Controllers,weekly-net-controllers,NV2Z,2018-11-13T20:00:00-0800,"Tue. Nov 13, 2018 20:00 - 21:00",,,,,,,https://www.spokares.org/index.php/component/jcalpro/27-weekly-net-controllers/798-nv2z,www.spokares.org/index.php/component/jcalpro/27-weekly-net-controllers/798-nv2z.html,2
799,27,Weekly Net Controllers,weekly-net-controllers,W7HEE,2018-11-27T20:00:00-0800,"Tue. Nov 27, 2018 20:00 - 21:00",,,,,,,https://www.spokares.org/index.php/component/jcalpro/27-weekly-net-controllers/799-w7hee,www.spokares.org/index.php/component/jcalpro/27-weekly-net-controllers/799-w7hee.html,2
802,27,Weekly Net Controllers,weekly-net-controllers,W7GTJ,2018-12-04T20:00:00-0800,"Tue. Dec 4, 2018 20:00 - 21:00",,,,,,,https://www.spokares.org/index.php/component/jcalpro/27-weekly-net-controllers/802-w7gtj,www.spokares.org/index.php/component/jcalpro/27-weekly-net-controllers/802-w7gtj.html,2
965,30,Regular Meetings/Training,regular-meetings-training,Second Saturday Amateur Workshop,2018-12-08T09:00:00-0800,"Sat. Dec 8, 2018 9:00 - 12:00",Spokane County DEM Building,1121 W Gardner,Spokane,47.666507720947,-117.429534912109,,https://www.spokares.org/index.php/component/jcalpro/30-regular-meetings-training/965-digital-training,www.spokares.org/index.php/component/jcalpro/30-regular-meetings-training/965-digital-training.html,2
803,27,Weekly Net Controllers,weekly-net-controllers,KE7RAP,2018-12-11T20:00:00-0800,"Tue. Dec 11, 2018 20:00 - 21:00",,,,,,,https://www.spokares.org/index.php/component/jcalpro/27-weekly-net-controllers/803-ke7rap,www.spokares.org/index.php/component/jcalpro/27-weekly-net-controllers/803-ke7rap.html,2
801,27,Weekly Net Controllers,weekly-net-controllers,K7RTA,2018-12-18T20:00:00-0800,"Tue. Dec 18, 2018 20:00 - 21:00",,,,,,,https://www.spokares.org/index.php/component/jcalpro/27-weekly-net-controllers/801-k7rta,www.spokares.org/index.php/component/jcalpro/27-weekly-net-controllers/801-k7rta.html,2
804,27,Weekly Net Controllers,weekly-net-controllers,NV2Z,2018-12-25T20:00:00-0800,"Tue. Dec 25, 2018 20:00 - 21:00",,,,,,,https://www.spokares.org/index.php/component/jcalpro/27-weekly-net-controllers/804-nv2z,www.spokares.org/index.php/component/jcalpro/27-weekly-net-controllers/804-nv2z.html,2
805,27,Weekly Net Controllers,weekly-net-controllers,KE7IAT,2019-01-01T20:00:00-0800,"Tue. Jan 1, 2019 20:00 - 21:00",,,,,,,https://www.spokares.org/index.php/component/jcalpro/27-weekly-net-controllers/805-ke7iat,www.spokares.org/index.php/component/jcalpro/27-weekly-net-controllers/805-ke7iat.html,2
806,27,Weekly Net Controllers,weekly-net-controllers,ARES Staff member,2019-01-08T20:00:00-0800,"Tue. Jan 8, 2019 20:00 - 21:00",,,,,,,https://www.spokares.org/index.php/component/jcalpro/27-weekly-net-controllers/806-ares-staff-member,www.spokares.org/index.php/component/jcalpro/27-weekly-net-controllers/806-ares-staff-member.html,2
966,30,Regular Meetings/Training,regular-meetings-training,Second Saturday Amateur Workshop,2019-01-12T09:00:00-0800,"Sat. Jan 12, 2019 9:00 - 12:00",Spokane County DEM Building,1121 W Gardner,Spokane,47.666507720947,-117.429534912109,,https://www.spokares.org/index.php/component/jcalpro/30-regular-meetings-training/966-digital-training,www.spokares.org/index.php/component/jcalpro/30-regular-meetings-training/966-digital-training.html,2
807,27,Weekly Net Controllers,weekly-net-controllers,NV2Z,2019-01-15T20:00:00-0800,"Tue. Jan 15, 2019 20:00 - 21:00",,,,,,,https://www.spokares.org/index.php/component/jcalpro/27-weekly-net-controllers/807-nv2z,www.spokares.org/index.php/component/jcalpro/27-weekly-net-controllers/807-nv2z.html,2
808,27,Weekly Net Controllers,weekly-net-controllers,KE7RAP,2019-01-22T08:00:00-0800,"Tue. Jan 22, 2019 8:00 - 9:00",,,,,,,https://www.spokares.org/index.php/component/jcalpro/27-weekly-net-controllers/808-ke7rap,www.spokares.org/index.php/component/jcalpro/27-weekly-net-controllers/808-ke7rap.html,2
809,27,Weekly Net Controllers,weekly-net-controllers,K7EFR,2019-01-29T20:00:00-0800,"Tue. Jan 29, 2019 20:00 - 21:00",,,,,,,https://www.spokares.org/index.php/component/jcalpro/27-weekly-net-controllers/809-k7efr,www.spokares.org/index.php/component/jcalpro/27-weekly-net-controllers/809-k7efr.html,2
810,27,Weekly Net Controllers,weekly-net-controllers,N7MCB,2019-02-05T20:00:00-0800,"Tue. Feb 5, 2019 20:00 - 21:00",Spokane County DEM Building,1121 W Gardner,Spokane,47.666507720947,-117.429534912109,,https://www.spokares.org/index.php/component/jcalpro/27-weekly-net-controllers/810-n7mcb,www.spokares.org/index.php/component/jcalpro/27-weekly-net-controllers/810-n7mcb.html,2
967,30,Regular Meetings/Training,regular-meetings-training,Second Saturday Amateur Workshop,2019-02-09T09:00:00-0800,"Sat. Feb 9, 2019 9:00 - 12:00",Spokane County DEM Building,1121 W Gardner,Spokane,47.666507720947,-117.429534912109,,https://www.spokares.org/index.php/component/jcalpro/30-regular-meetings-training/967-digital-training,www.spokares.org/index.php/component/jcalpro/30-regular-meetings-training/967-digital-training.html,2
811,27,Weekly Net Controllers,weekly-net-controllers,KE7RAP,2019-02-12T20:00:00-0800,"Tue. Feb 12, 2019 20:00 - 21:00",,,,,,,https://www.spokares.org/index.php/component/jcalpro/27-weekly-net-controllers/811-ke7rap,www.spokares.org/index.php/component/jcalpro/27-weekly-net-controllers/811-ke7rap.html,2
812,27,Weekly Net Controllers,weekly-net-controllers,NV2Z,2019-02-19T20:00:00-0800,"Tue. Feb 19, 2019 20:00 - 21:00",,,,,,,https://www.spokares.org/index.php/component/jcalpro/27-weekly-net-controllers/812-nv2z,www.spokares.org/index.php/component/jcalpro/27-weekly-net-controllers/812-nv2z.html,2
813,27,Weekly Net Controllers,weekly-net-controllers,K7EFR,2019-02-26T20:00:00-0800,"Tue. Feb 26, 2019 20:00 - 21:00",,,,,,,https://www.spokares.org/index.php/component/jcalpro/27-weekly-net-controllers/813-k7efr,www.spokares.org/index.php/component/jcalpro/27-weekly-net-controllers/813-k7efr.html,2
814,27,Weekly Net Controllers,weekly-net-controllers,Staff,2019-03-05T20:00:00-0800,"Tue. Mar 5, 2019 20:00 - 21:00",Spokane County DEM Building,1121 W Gardner,Spokane,47.666507720947,-117.429534912109,,https://www.spokares.org/index.php/component/jcalpro/27-weekly-net-controllers/814-staff,www.spokares.org/index.php/component/jcalpro/27-weekly-net-controllers/814-staff.html,2
968,30,Regular Meetings/Training,regular-meetings-training,Second Saturday Amateur Workshop,2019-03-09T09:00:00-0800,"Sat. Mar 9, 2019 9:00 - 12:00",Spokane County DEM Building,1121 W Gardner,Spokane,47.666507720947,-117.429534912109,,https://www.spokares.org/index.php/component/jcalpro/30-regular-meetings-training/968-digital-training,www.spokares.org/index.php/component/jcalpro/30-regular-meetings-training/968-digital-training.html,2
815,27,Weekly Net Controllers,weekly-net-controllers,N7MCB,2019-03-12T20:00:00-0700,"Tue. Mar 12, 2019 20:00 - 21:00",,,,,,,https://www.spokares.org/index.php/component/jcalpro/27-weekly-net-controllers/815-n7mcb,www.spokares.org/index.php/component/jcalpro/27-weekly-net-controllers/815-n7mcb.html,2
816,27,Weekly Net Controllers,weekly-net-controllers,KE7RAP,2019-03-19T20:00:00-0700,"Tue. Mar 19, 2019 20:00 - 21:00",,,,,,,https://www.spokares.org/index.php/component/jcalpro/27-weekly-net-controllers/816-ke7rap,www.spokares.org/index.php/component/jcalpro/27-weekly-net-controllers/816-ke7rap.html,2
817,27,Weekly Net Controllers,weekly-net-controllers,KI7QPJ,2019-03-26T20:00:00-0700,"Tue. Mar 26, 2019 20:00 - 21:00",,,,,,,https://www.spokares.org/index.php/component/jcalpro/27-weekly-net-controllers/817-ki7qpj,www.spokares.org/index.php/component/jcalpro/27-weekly-net-controllers/817-ki7qpj.html,2
820,28,Upcoming Exercises,upcoming-exercises,EOC-to-EOC 5th Saturday Exercise March 2019,2019-03-30T08:00:00-0700,"Sat. Mar 30, 2019 8:00 - 8:04",,,,,,,https://www.spokares.org/index.php/component/jcalpro/28-upcoming-exercises/820-eoc-to-eoc-5th-saturday-exercise-march-2019,www.spokares.org/index.php/component/jcalpro/28-upcoming-exercises/820-eoc-to-eoc-5th-saturday-exercise-march-2019.html,2
969,30,Regular Meetings/Training,regular-meetings-training,Second Saturday Amateur Workshop,2019-04-13T09:00:00-0700,"Sat. Apr 13, 2019 9:00 - 12:00",Spokane County DEM Building,1121 W Gardner,Spokane,47.666507720947,-117.429534912109,,https://www.spokares.org/index.php/component/jcalpro/30-regular-meetings-training/969-digital-training,www.spokares.org/index.php/component/jcalpro/30-regular-meetings-training/969-digital-training.html,2
818,27,Weekly Net Controllers,weekly-net-controllers,KE7RAP,2019-04-16T20:00:00-0700,"Tue. Apr 16, 2019 20:00 - 21:00",,,,,,,https://www.spokares.org/index.php/component/jcalpro/27-weekly-net-controllers/818-ke7rap,www.spokares.org/index.php/component/jcalpro/27-weekly-net-controllers/818-ke7rap.html,2
821,27,Weekly Net Controllers,weekly-net-controllers,AG7IG,2019-04-23T20:00:00-0700,"Tue. Apr 23, 2019 20:00 - 21:00",Spokane County DEM Building,1121 W Gardner,Spokane,47.666507720947,-117.429534912109,,https://www.spokares.org/index.php/component/jcalpro/27-weekly-net-controllers/821-ag7ig,www.spokares.org/index.php/component/jcalpro/27-weekly-net-controllers/821-ag7ig.html,2
819,27,Weekly Net Controllers,weekly-net-controllers,W7HEE,2019-04-30T20:00:00-0700,"Tue. Apr 30, 2019 20:00 - 21:00",,,,,,,https://www.spokares.org/index.php/component/jcalpro/27-weekly-net-controllers/819-w7hee,www.spokares.org/index.php/component/jcalpro/27-weekly-net-controllers/819-w7hee.html,2
822,27,Weekly Net Controllers,weekly-net-controllers,KI7QPJ,2019-05-07T10:00:00-0700,"Tue. May 7, 2019 10:00 - 11:00",,,,,,,https://www.spokares.org/index.php/component/jcalpro/27-weekly-net-controllers/822-ki7qpj,www.spokares.org/index.php/component/jcalpro/27-weekly-net-controllers/822-ki7qpj.html,2
970,30,Regular Meetings/Training,regular-meetings-training,Second Saturday Amateur Workshop,2019-05-11T09:00:00-0700,"Sat. May 11, 2019 9:00 - 12:00",Spokane County DEM Building,1121 W Gardner,Spokane,47.666507720947,-117.429534912109,,https://www.spokares.org/index.php/component/jcalpro/30-regular-meetings-training/970-digital-training,www.spokares.org/index.php/component/jcalpro/30-regular-meetings-training/970-digital-training.html,2
823,27,Weekly Net Controllers,weekly-net-controllers,KE7RAP,2019-05-14T20:00:00-0700,"Tue. May 14, 2019 20:00",,,,,,,https://www.spokares.org/index.php/component/jcalpro/27-weekly-net-controllers/823-ke7rap,www.spokares.org/index.php/component/jcalpro/27-weekly-net-controllers/823-ke7rap.html,2
824,27,Weekly Net Controllers,weekly-net-controllers,NV2Z,2019-05-21T20:00:00-0700,"Tue. May 21, 2019 20:00 - 21:00",,,,,,,https://www.spokares.org/index.php/component/jcalpro/27-weekly-net-controllers/824-ki7qpj,www.spokares.org/index.php/component/jcalpro/27-weekly-net-controllers/824-ki7qpj.html,2
825,27,Weekly Net Controllers,weekly-net-controllers,W7HEE,2019-05-28T22:00:00-0700,"Tue. May 28, 2019 22:00 - 23:00",,,,,,,https://www.spokares.org/index.php/component/jcalpro/27-weekly-net-controllers/825-w7hee,www.spokares.org/index.php/component/jcalpro/27-weekly-net-controllers/825-w7hee.html,2
971,30,Regular Meetings/Training,regular-meetings-training,Second Saturday Amateur Workshop,2019-06-08T09:00:00-0700,"Sat. Jun 8, 2019 9:00 - 12:00",Spokane County DEM Building,1121 W Gardner,Spokane,47.666507720947,-117.429534912109,,https://www.spokares.org/index.php/component/jcalpro/30-regular-meetings-training/971-digital-training,www.spokares.org/index.php/component/jcalpro/30-regular-meetings-training/971-digital-training.html,2
944,27,Weekly Net Controllers,weekly-net-controllers,N7MCB,2019-06-11T20:00:00-0700,"Tue. Jun 11, 2019 20:00 - 21:00",,,,,,,https://www.spokares.org/index.php/component/jcalpro/27-weekly-net-controllers/944-n7mcb,www.spokares.org/index.php/component/jcalpro/27-weekly-net-controllers/944-n7mcb.html,2
945,27,Weekly Net Controllers,weekly-net-controllers,KE7RAP,2019-06-18T20:00:00-0700,"Tue. Jun 18, 2019 20:00 - 21:00",,,,,,,https://www.spokares.org/index.php/component/jcalpro/27-weekly-net-controllers/945-ke7rap,www.spokares.org/index.php/component/jcalpro/27-weekly-net-controllers/945-ke7rap.html,2
946,27,Weekly Net Controllers,weekly-net-controllers,KI7QPJ,2019-06-25T20:00:00-0700,"Tue. Jun 25, 2019 20:00 - 21:00",,,,,,,https://www.spokares.org/index.php/component/jcalpro/27-weekly-net-controllers/946-ki7qpj,www.spokares.org/index.php/component/jcalpro/27-weekly-net-controllers/946-ki7qpj.html,2
947,27,Weekly Net Controllers,weekly-net-controllers,STAFF,2019-07-02T20:00:00-0700,"Tue. Jul 2, 2019 20:00 - 21:00",Spokane County DEM Building,1121 W Gardner,Spokane,47.666507720947,-117.429534912109,,https://www.spokares.org/index.php/component/jcalpro/27-weekly-net-controllers/947-staff,www.spokares.org/index.php/component/jcalpro/27-weekly-net-controllers/947-staff.html,2
972,30,Regular Meetings/Training,regular-meetings-training,Second Saturday Amateur Workshop,2019-07-13T09:00:00-0700,"Sat. Jul 13, 2019 9:00 - 12:00",Spokane County DEM Building,1121 W Gardner,Spokane,47.666507720947,-117.429534912109,,https://www.spokares.org/index.php/component/jcalpro/30-regular-meetings-training/972-digital-training,www.spokares.org/index.php/component/jcalpro/30-regular-meetings-training/972-digital-training.html,2
1009,28,Upcoming Exercises,upcoming-exercises,Kootenai County Exercise,2019-07-17T08:00:00-0700,"Wed. Jul 17, 2019",,,,,,,https://www.spokares.org/index.php/component/jcalpro/28-upcoming-exercises/1009-kootenai-county-exercise,www.spokares.org/index.php/component/jcalpro/28-upcoming-exercises/1009-kootenai-county-exercise.html,2
907,30,Regular Meetings/Training,regular-meetings-training,ARES - RACES Meeting - Cherry Picker's Trot - Greenbluff,2019-07-18T19:00:00-0700,"Thu. Jul 18, 2019 19:00 - 21:00",Spokane County DEM Building,1121 W Gardner,Spokane,47.666507720947,-117.429534912109,,https://www.spokares.org/index.php/component/jcalpro/30-regular-meetings-training/907-ares-races-meeting,www.spokares.org/index.php/component/jcalpro/30-regular-meetings-training/907-ares-races-meeting.html,2
948,27,Weekly Net Controllers,weekly-net-controllers,KE7RAP,2019-07-23T20:00:00-0700,"Tue. Jul 23, 2019 20:00 - 21:00",,,,,,,https://www.spokares.org/index.php/component/jcalpro/27-weekly-net-controllers/948-ke7rap,www.spokares.org/index.php/component/jcalpro/27-weekly-net-controllers/948-ke7rap.html,2
1013,31,Other Events,other-events,Spokane Hamfest - University High School,2019-07-28T08:00:00-0700,"Sun. Jul 28, 2019 8:00 - 16:00",,,,,,,https://www.spokares.org/index.php/component/jcalpro/31-other-events/1013-spokane-hamfest-university-high-school,www.spokares.org/index.php/component/jcalpro/31-other-events/1013-spokane-hamfest-university-high-school.html,2
949,27,Weekly Net Controllers,weekly-net-controllers,W7HEE,2019-07-30T20:00:00-0700,"Tue. Jul 30, 2019 20:00 - 21:00",,,,,,,https://www.spokares.org/index.php/component/jcalpro/27-weekly-net-controllers/949-w7hee,www.spokares.org/index.php/component/jcalpro/27-weekly-net-controllers/949-w7hee.html,2
1015,27,Weekly Net Controllers,weekly-net-controllers,Staff,2019-08-06T20:00:00-0700,"Tue. Aug 6, 2019 20:00 - 21:00",Spokane County DEM Building,1121 W Gardner,Spokane,47.666507720947,-117.429534912109,,https://www.spokares.org/index.php/component/jcalpro/27-weekly-net-controllers/1015-staff,www.spokares.org/index.php/component/jcalpro/27-weekly-net-controllers/1015-staff.html,2
973,30,Regular Meetings/Training,regular-meetings-training,"Second Saturday Amateur Workshop - Introduction to mobile installations, and cross-band repeating",2019-08-10T09:00:00-0700,"Sat. Aug 10, 2019 9:00 - 12:00",Spokane County DEM Building,1121 W Gardner,Spokane,47.666507720947,-117.429534912109,,https://www.spokares.org/index.php/component/jcalpro/30-regular-meetings-training/973-digital-training,www.spokares.org/index.php/component/jcalpro/30-regular-meetings-training/973-digital-training.html,2
1017,27,Weekly Net Controllers,weekly-net-controllers,W7HEE,2019-08-13T20:00:00-0700,"Tue. Aug 13, 2019 20:00 - 21:00",,,,,,,https://www.spokares.org/index.php/component/jcalpro/27-weekly-net-controllers/1017-w7hee,www.spokares.org/index.php/component/jcalpro/27-weekly-net-controllers/1017-w7hee.html,2
908,30,Regular Meetings/Training,regular-meetings-training,ARES - RACES Meeting - Emergency Power Systems,2019-08-15T19:00:00-0700,"Thu. Aug 15, 2019 19:00 - 21:00",Spokane County DEM Building,1121 W Gardner,Spokane,47.666507720947,-117.429534912109,,https://www.spokares.org/index.php/component/jcalpro/30-regular-meetings-training/908-ares-races-meeting,www.spokares.org/index.php/component/jcalpro/30-regular-meetings-training/908-ares-races-meeting.html,2
1018,27,Weekly Net Controllers,weekly-net-controllers,N7MCB,2019-08-20T20:00:00-0700,"Tue. Aug 20, 2019 20:00 - 21:00",,,,,,,https://www.spokares.org/index.php/component/jcalpro/27-weekly-net-controllers/1018-n7mcb,www.spokares.org/index.php/component/jcalpro/27-weekly-net-controllers/1018-n7mcb.html,2
1020,27,Weekly Net Controllers,weekly-net-controllers,STAFF,2019-09-03T20:00:00-0700,"Tue. Sep 3, 2019 20:00 - 21:00",Spokane County DEM Building,1121 W Gardner,Spokane,47.666507720947,-117.429534912109,,https://www.spokares.org/index.php/component/jcalpro/27-weekly-net-controllers/1020-staff,www.spokares.org/index.php/component/jcalpro/27-weekly-net-controllers/1020-staff.html,2
1021,27,Weekly Net Controllers,weekly-net-controllers,KE7RAP,2019-09-10T20:00:00-0700,"Tue. Sep 10, 2019 20:00 - 21:00",,,,,,,https://www.spokares.org/index.php/component/jcalpro/27-weekly-net-controllers/1021-ke7rap,www.spokares.org/index.php/component/jcalpro/27-weekly-net-controllers/1021-ke7rap.html,2
974,30,Regular Meetings/Training,regular-meetings-training,Second Saturday Amateur Workshop - Emergency Power Systems,2019-09-14T09:00:00-0700,"Sat. Sep 14, 2019 9:00 - 12:00",Spokane County DEM Building,1121 W Gardner,Spokane,47.666507720947,-117.429534912109,,https://www.spokares.org/index.php/component/jcalpro/30-regular-meetings-training/974-digital-training,www.spokares.org/index.php/component/jcalpro/30-regular-meetings-training/974-digital-training.html,2
1022,27,Weekly Net Controllers,weekly-net-controllers,NV2Z,2019-09-17T20:00:00-0700,"Tue. Sep 17, 2019 20:00",,,,,,,https://www.spokares.org/index.php/component/jcalpro/27-weekly-net-controllers/1022-nv2z,www.spokares.org/index.php/component/jcalpro/27-weekly-net-controllers/1022-nv2z.html,2
909,30,Regular Meetings/Training,regular-meetings-training,Mandatory Meeting - Membership Requirements Review,2019-09-19T19:00:00-0700,"Thu. Sep 19, 2019 19:00 - 21:00",Spokane County DEM Building,1121 W Gardner,Spokane,47.666507720947,-117.429534912109,,https://www.spokares.org/index.php/component/jcalpro/30-regular-meetings-training/909-ares-races-meeting,www.spokares.org/index.php/component/jcalpro/30-regular-meetings-training/909-ares-races-meeting.html,2
1014,31,Other Events,other-events,Valleyfest,2019-09-21T20:00:00-0700,"Sat. Sep 21, 2019 20:00 - Sun. Sep 22, 2019 6:00",,,,,,,https://www.spokares.org/index.php/component/jcalpro/31-other-events/1014-valleyfest,www.spokares.org/index.php/component/jcalpro/31-other-events/1014-valleyfest.html,2
1019,27,Weekly Net Controllers,weekly-net-controllers,N7MCB,2019-09-24T20:00:00-0700,"Tue. Sep 24, 2019 20:00 - 21:00",,,,,,,https://www.spokares.org/index.php/component/jcalpro/27-weekly-net-controllers/1019-n7mcb,www.spokares.org/index.php/component/jcalpro/27-weekly-net-controllers/1019-n7mcb.html,2
1023,27,Weekly Net Controllers,weekly-net-controllers,Staff,2019-10-01T20:00:00-0700,"Tue. Oct 1, 2019 20:00 - 21:00",Spokane County DEM Building,1121 W Gardner,Spokane,47.666507720947,-117.429534912109,,https://www.spokares.org/index.php/component/jcalpro/27-weekly-net-controllers/1023-staff,www.spokares.org/index.php/component/jcalpro/27-weekly-net-controllers/1023-staff.html,2
1010,28,Upcoming Exercises,upcoming-exercises,Quarterly Exercise - All Members,2019-10-05T08:00:00-0700,"Sat. Oct 5, 2019 8:00 - 14:00",,,,,,,https://www.spokares.org/index.php/component/jcalpro/28-upcoming-exercises/1010-quarterly-exercise-all-members,www.spokares.org/index.php/component/jcalpro/28-upcoming-exercises/1010-quarterly-exercise-all-members.html,2
1024,27,Weekly Net Controllers,weekly-net-controllers,KJ7FHF,2019-10-08T20:00:00-0700,"Tue. Oct 8, 2019 20:00 - 21:00",,,,,,,https://www.spokares.org/index.php/component/jcalpro/27-weekly-net-controllers/1024-kj7fhf,www.spokares.org/index.php/component/jcalpro/27-weekly-net-controllers/1024-kj7fhf.html,2
975,30,Regular Meetings/Training,regular-meetings-training,Second Saturday Amateur Workshop - Makeup Membership Requirements Review,2019-10-12T09:00:00-0700,"Sat. Oct 12, 2019 9:00 - 12:00",Spokane County DEM Building,1121 W Gardner,Spokane,47.666507720947,-117.429534912109,,https://www.spokares.org/index.php/component/jcalpro/30-regular-meetings-training/975-digital-training,www.spokares.org/index.php/component/jcalpro/30-regular-meetings-training/975-digital-training.html,2
1025,27,Weekly Net Controllers,weekly-net-controllers,NV2Z,2019-10-15T20:00:00-0700,"Tue. Oct 15, 2019 20:00 - 21:00",,,,,,,https://www.spokares.org/index.php/component/jcalpro/27-weekly-net-controllers/1025-nv2z,www.spokares.org/index.php/component/jcalpro/27-weekly-net-controllers/1025-nv2z.html,2
910,30,Regular Meetings/Training,regular-meetings-training,ARES - RACES Meeting - TNC Setups and Reviews,2019-10-17T19:00:00-0700,"Thu. Oct 17, 2019 19:00 - 21:00",Spokane County DEM Building,1121 W Gardner,Spokane,47.666507720947,-117.429534912109,,https://www.spokares.org/index.php/component/jcalpro/30-regular-meetings-training/910-ares-races-meeting,www.spokares.org/index.php/component/jcalpro/30-regular-meetings-training/910-ares-races-meeting.html,2
1026,27,Weekly Net Controllers,weekly-net-controllers,KE7RAP,2019-10-22T20:00:00-0700,"Tue. Oct 22, 2019 20:00",,,,,,,https://www.spokares.org/index.php/component/jcalpro/27-weekly-net-controllers/1026-ke7rap,www.spokares.org/index.php/component/jcalpro/27-weekly-net-controllers/1026-ke7rap.html,2
1027,27,Weekly Net Controllers,weekly-net-controllers,W7HEE,2019-10-29T20:00:00-0700,"Tue. Oct 29, 2019 20:00 - 21:00",,,,,,,https://www.spokares.org/index.php/component/jcalpro/27-weekly-net-controllers/1027-w7hee,www.spokares.org/index.php/component/jcalpro/27-weekly-net-controllers/1027-w7hee.html,2
1028,41,EWSEN Monday Night Net Control,wsen-monday-night-net-control,W7HEE - VHF & Winlink,2019-11-04T18:30:00-0800,"Mon. Nov 4, 2019 18:30 - 19:30",,,,,,,https://www.spokares.org/index.php/component/jcalpro/41-wsen-monday-night-net-control/1028-w7hee,www.spokares.org/index.php/component/jcalpro/41-wsen-monday-night-net-control/1028-w7hee.html,2
1033,41,EWSEN Monday Night Net Control,wsen-monday-night-net-control,HF TBD,2019-11-04T18:30:00-0800,"Mon. Nov 4, 2019 18:30 - 19:30",,,,,,,https://www.spokares.org/index.php/component/jcalpro/41-wsen-monday-night-net-control/1033-w7hee,www.spokares.org/index.php/component/jcalpro/41-wsen-monday-night-net-control/1033-w7hee.html,2
1035,27,Weekly Net Controllers,weekly-net-controllers,Staff Member,2019-11-05T20:00:00-0800,"Tue. Nov 5, 2019 20:00 - 21:00",,,,,,,https://www.spokares.org/index.php/component/jcalpro/27-weekly-net-controllers/1035-staff-member,www.spokares.org/index.php/component/jcalpro/27-weekly-net-controllers/1035-staff-member.html,2
976,30,Regular Meetings/Training,regular-meetings-training,Second Saturday Amateur Workshop - Hands-on TNC setups,2019-11-09T09:00:00-0800,"Sat. Nov 9, 2019 9:00 - 12:00",Spokane County DEM Building,1121 W Gardner,Spokane,47.666507720947,-117.429534912109,,https://www.spokares.org/index.php/component/jcalpro/30-regular-meetings-training/976-digital-training,www.spokares.org/index.php/component/jcalpro/30-regular-meetings-training/976-digital-training.html,2
1039,42,WSEN District 9 Net Control,wsen-district-9-net-control,Stevens County - WD7K,2019-11-09T09:00:00-0800,"Sat. Nov 9, 2019 9:00 - 10:00",,,,,,,https://www.spokares.org/index.php/component/jcalpro/42-wsen-district-9-net-control/1039-stevens-county-wd7k,www.spokares.org/index.php/component/jcalpro/42-wsen-district-9-net-control/1039-stevens-county-wd7k.html,2
1029,41,EWSEN Monday Night Net Control,wsen-monday-night-net-control,W7TSC - HF & Winlink,2019-11-11T18:30:00-0800,"Mon. Nov 11, 2019 18:30 - 19:30",,,,,,,https://www.spokares.org/index.php/component/jcalpro/41-wsen-monday-night-net-control/1029-spokane-tbd,www.spokares.org/index.php/component/jcalpro/41-wsen-monday-night-net-control/1029-spokane-tbd.html,2
1032,41,EWSEN Monday Night Net Control,wsen-monday-night-net-control,VHF TBD,2019-11-11T18:30:00-0800,"Mon. Nov 11, 2019 18:30 - 19:30",,,,,,,https://www.spokares.org/index.php/component/jcalpro/41-wsen-monday-night-net-control/1032-spokane-tbd,www.spokares.org/index.php/component/jcalpro/41-wsen-monday-night-net-control/1032-spokane-tbd.html,2
1036,27,Weekly Net Controllers,weekly-net-controllers,AG7QP,2019-11-12T20:00:00-0800,"Tue. Nov 12, 2019 20:00 - 21:00",,,,,,,https://www.spokares.org/index.php/component/jcalpro/27-weekly-net-controllers/1036-ag7qp,www.spokares.org/index.php/component/jcalpro/27-weekly-net-controllers/1036-ag7qp.html,2
1040,42,WSEN District 9 Net Control,wsen-district-9-net-control,TBD,2019-11-16T09:00:00-0800,"Sat. Nov 16, 2019 9:00 - 10:00",,,,,,,https://www.spokares.org/index.php/component/jcalpro/42-wsen-district-9-net-control/1040-tbd,www.spokares.org/index.php/component/jcalpro/42-wsen-district-9-net-control/1040-tbd.html,2
1030,41,EWSEN Monday Night Net Control,wsen-monday-night-net-control,ALL TBD,2019-11-18T18:30:00-0800,"Mon. Nov 18, 2019 18:30 - 19:30",,,,,,,https://www.spokares.org/index.php/component/jcalpro/41-wsen-monday-night-net-control/1030-tbd,www.spokares.org/index.php/component/jcalpro/41-wsen-monday-night-net-control/1030-tbd.html,2
1037,27,Weekly Net Controllers,weekly-net-controllers,NV2Z,2019-11-19T20:00:00-0800,"Tue. Nov 19, 2019 20:00 - 21:00",,,,,,,https://www.spokares.org/index.php/component/jcalpro/27-weekly-net-controllers/1037-nv2z,www.spokares.org/index.php/component/jcalpro/27-weekly-net-controllers/1037-nv2z.html,2
911,30,Regular Meetings/Training,regular-meetings-training,ARES - RACES Meeting - Shelter Training,2019-11-21T19:00:00-0800,"Thu. Nov 21, 2019 19:00 - 21:00",Spokane County DEM Building,1121 W Gardner,Spokane,47.666507720947,-117.429534912109,,https://www.spokares.org/index.php/component/jcalpro/30-regular-meetings-training/911-ares-races-meeting,www.spokares.org/index.php/component/jcalpro/30-regular-meetings-training/911-ares-races-meeting.html,2
1041,42,WSEN District 9 Net Control,wsen-district-9-net-control,Spokane - W7TSC,2019-11-23T09:00:00-0800,"Sat. Nov 23, 2019 9:00 - 10:00",,,,,,,https://www.spokares.org/index.php/component/jcalpro/42-wsen-district-9-net-control/1041-spokane-w7tsc,www.spokares.org/index.php/component/jcalpro/42-wsen-district-9-net-control/1041-spokane-w7tsc.html,2
1031,41,EWSEN Monday Night Net Control,wsen-monday-night-net-control,Walla Walla - All TBD,2019-11-25T18:30:00-0800,"Mon. Nov 25, 2019 18:30 - 19:30",,,,,,,https://www.spokares.org/index.php/component/jcalpro/41-wsen-monday-night-net-control/1031-walla-walla-tbd,www.spokares.org/index.php/component/jcalpro/41-wsen-monday-night-net-control/1031-walla-walla-tbd.html,2
1038,27,Weekly Net Controllers,weekly-net-controllers,W7HEE,2019-11-26T20:00:00-0800,"Tue. Nov 26, 2019 20:00 - 21:00",,,,,,,https://www.spokares.org/index.php/component/jcalpro/27-weekly-net-controllers/1038-w7hee,www.spokares.org/index.php/component/jcalpro/27-weekly-net-controllers/1038-w7hee.html,2
1042,42,WSEN District 9 Net Control,wsen-district-9-net-control,Stevens - TBD,2019-11-30T09:00:00-0800,"Sat. Nov 30, 2019 9:00 - 10:00",,,,,,,https://www.spokares.org/index.php/component/jcalpro/42-wsen-district-9-net-control/1042-stevens-tbd,www.spokares.org/index.php/component/jcalpro/42-wsen-district-9-net-control/1042-stevens-tbd.html,2
1043,27,Weekly Net Controllers,weekly-net-controllers,Staff from DEM,2019-12-03T20:00:00-0800,"Tue. Dec 3, 2019 20:00 - 21:00",,,,,,,https://www.spokares.org/index.php/component/jcalpro/27-weekly-net-controllers/1043-staff-from-dem,www.spokares.org/index.php/component/jcalpro/27-weekly-net-controllers/1043-staff-from-dem.html,2
1012,31,Other Events,other-events,Skywarn Recognition Day,2019-12-06T08:00:00-0800,"Fri. Dec 6, 2019 8:00 - Sat. Dec 7, 2019 15:00",,,,,,,https://www.spokares.org/index.php/component/jcalpro/31-other-events/1012-skywarn-recognition-day,www.spokares.org/index.php/component/jcalpro/31-other-events/1012-skywarn-recognition-day.html,2
1011,28,Upcoming Exercises,upcoming-exercises,Quarterly Exercise - Hazard City deployment,2019-12-07T08:00:00-0800,"Sat. Dec 7, 2019 8:00 - Sun. Dec 8, 2019 12:00",,,,,,,https://www.spokares.org/index.php/component/jcalpro/28-upcoming-exercises/1011-quarterly-exercise-hazard-city-deployment,www.spokares.org/index.php/component/jcalpro/28-upcoming-exercises/1011-quarterly-exercise-hazard-city-deployment.html,2
1046,27,Weekly Net Controllers,weekly-net-controllers,KE7RAP,2019-12-10T20:00:00-0800,"Tue. Dec 10, 2019 20:00 - 21:00",,,,,,,https://www.spokares.org/index.php/component/jcalpro/27-weekly-net-controllers/1046-tbd,www.spokares.org/index.php/component/jcalpro/27-weekly-net-controllers/1046-tbd.html,2
912,30,Regular Meetings/Training,regular-meetings-training,NO MEETING for December,2019-12-19T19:00:00-0800,"Thu. Dec 19, 2019 19:00 - 21:00",Spokane County DEM Building,1121 W Gardner,Spokane,47.666507720947,-117.429534912109,,https://www.spokares.org/index.php/component/jcalpro/30-regular-meetings-training/912-ares-races-meeting,www.spokares.org/index.php/component/jcalpro/30-regular-meetings-training/912-ares-races-meeting.html,2
243,30,Regular Meetings/Training,regular-meetings-training,ARES Net,2020-01-07T20:00:00-0800,"Tue. Jan 7, 2020 20:00 - 21:00",,,,,,,https://www.spokares.org/index.php/component/jcalpro/30-regular-meetings-training/243-ares-net,www.spokares.org/index.php/component/jcalpro/30-regular-meetings-training/243-ares-net.html,2
978,30,Regular Meetings/Training,regular-meetings-training,Second Saturday Amateur Workshop,2020-01-11T09:00:00-0800,"Sat. Jan 11, 2020 9:00 - 12:00",Spokane County DEM Building,1121 W Gardner,Spokane,47.666507720947,-117.429534912109,,https://www.spokares.org/index.php/component/jcalpro/30-regular-meetings-training/978-digital-training,www.spokares.org/index.php/component/jcalpro/30-regular-meetings-training/978-digital-training.html,2
1056,30,Regular Meetings/Training,regular-meetings-training,ARES Net,2020-01-14T20:00:00-0800,"Tue. Jan 14, 2020 20:00 - 21:00",,,,,,,https://www.spokares.org/index.php/component/jcalpro/30-regular-meetings-training/1056-ares-net,www.spokares.org/index.php/component/jcalpro/30-regular-meetings-training/1056-ares-net.html,2
61,30,Regular Meetings/Training,regular-meetings-training,ARES - RACES Meeting,2020-01-16T19:00:00-0800,"Thu. Jan 16, 2020 19:00 - 21:00",Spokane County DEM Building,1121 W Gardner,Spokane,47.666507720947,-117.429534912109,,https://www.spokares.org/index.php/component/jcalpro/30-regular-meetings-training/61-ares-races-meeting,www.spokares.org/index.php/component/jcalpro/30-regular-meetings-training/61-ares-races-meeting.html,2
1057,30,Regular Meetings/Training,regular-meetings-training,ARES Net,2020-01-21T20:00:00-0800,"Tue. Jan 21, 2020 20:00 - 21:00",,,,,,,https://www.spokares.org/index.php/component/jcalpro/30-regular-meetings-training/1057-ares-net,www.spokares.org/index.php/component/jcalpro/30-regular-meetings-training/1057-ares-net.html,2
1058,30,Regular Meetings/Training,regular-meetings-training,ARES Net,2020-01-28T20:00:00-0800,"Tue. Jan 28, 2020 20:00 - 21:00",,,,,,,https://www.spokares.org/index.php/component/jcalpro/30-regular-meetings-training/1058-ares-net,www.spokares.org/index.php/component/jcalpro/30-regular-meetings-training/1058-ares-net.html,2
1059,30,Regular Meetings/Training,regular-meetings-training,ARES Net,2020-02-04T20:00:00-0800,"Tue. Feb 4, 2020 20:00 - 21:00",,,,,,,https://www.spokares.org/index.php/component/jcalpro/30-regular-meetings-training/1059-ares-net,www.spokares.org/index.php/component/jcalpro/30-regular-meetings-training/1059-ares-net.html,2
979,30,Regular Meetings/Training,regular-meetings-training,Second Saturday Amateur Workshop,2020-02-08T09:00:00-0800,"Sat. Feb 8, 2020 9:00 - 12:00",Spokane County DEM Building,1121 W Gardner,Spokane,47.666507720947,-117.429534912109,,https://www.spokares.org/index.php/component/jcalpro/30-regular-meetings-training/979-digital-training,www.spokares.org/index.php/component/jcalpro/30-regular-meetings-training/979-digital-training.html,2
1060,30,Regular Meetings/Training,regular-meetings-training,ARES Net,2020-02-11T20:00:00-0800,"Tue. Feb 11, 2020 20:00 - 21:00",,,,,,,https://www.spokares.org/index.php/component/jcalpro/30-regular-meetings-training/1060-ares-net,www.spokares.org/index.php/component/jcalpro/30-regular-meetings-training/1060-ares-net.html,2
1061,30,Regular Meetings/Training,regular-meetings-training,ARES Net,2020-02-18T20:00:00-0800,"Tue. Feb 18, 2020 20:00 - 21:00",,,,,,,https://www.spokares.org/index.php/component/jcalpro/30-regular-meetings-training/1061-ares-net,www.spokares.org/index.php/component/jcalpro/30-regular-meetings-training/1061-ares-net.html,2
1231,30,Regular Meetings/Training,regular-meetings-training,ARES - RACES Meeting,2020-02-20T19:00:00-0800,"Thu. Feb 20, 2020 19:00 - 21:00",Spokane County DEM Building,1121 W Gardner,Spokane,47.666507720947,-117.429534912109,,https://www.spokares.org/index.php/component/jcalpro/30-regular-meetings-training/1231-ares-races-meeting,www.spokares.org/index.php/component/jcalpro/30-regular-meetings-training/1231-ares-races-meeting.html,2
1062,30,Regular Meetings/Training,regular-meetings-training,ARES Net,2020-02-25T20:00:00-0800,"Tue. Feb 25, 2020 20:00 - 21:00",,,,,,,https://www.spokares.org/index.php/component/jcalpro/30-regular-meetings-training/1062-ares-net,www.spokares.org/index.php/component/jcalpro/30-regular-meetings-training/1062-ares-net.html,2
1063,30,Regular Meetings/Training,regular-meetings-training,ARES Net,2020-03-03T20:00:00-0800,"Tue. Mar 3, 2020 20:00 - 21:00",,,,,,,https://www.spokares.org/index.php/component/jcalpro/30-regular-meetings-training/1063-ares-net,www.spokares.org/index.php/component/jcalpro/30-regular-meetings-training/1063-ares-net.html,2
1064,30,Regular Meetings/Training,regular-meetings-training,ARES Net,2020-03-10T20:00:00-0700,"Tue. Mar 10, 2020 20:00 - 21:00",,,,,,,https://www.spokares.org/index.php/component/jcalpro/30-regular-meetings-training/1064-ares-net,www.spokares.org/index.php/component/jcalpro/30-regular-meetings-training/1064-ares-net.html,2
980,30,Regular Meetings/Training,regular-meetings-training,Second Saturday Amateur Workshop,2020-03-14T09:00:00-0700,"Sat. Mar 14, 2020 9:00 - 12:00",Spokane County DEM Building,1121 W Gardner,Spokane,47.666507720947,-117.429534912109,,https://www.spokares.org/index.php/component/jcalpro/30-regular-meetings-training/980-digital-training,www.spokares.org/index.php/component/jcalpro/30-regular-meetings-training/980-digital-training.html,2
1065,30,Regular Meetings/Training,regular-meetings-training,ARES Net,2020-03-17T20:00:00-0700,"Tue. Mar 17, 2020 20:00 - 21:00",,,,,,,https://www.spokares.org/index.php/component/jcalpro/30-regular-meetings-training/1065-ares-net,www.spokares.org/index.php/component/jcalpro/30-regular-meetings-training/1065-ares-net.html,2
1232,30,Regular Meetings/Training,regular-meetings-training,ARES - RACES Meeting,2020-03-19T19:00:00-0700,"Thu. Mar 19, 2020 19:00 - 21:00",Spokane County DEM Building,1121 W Gardner,Spokane,47.666507720947,-117.429534912109,,https://www.spokares.org/index.php/component/jcalpro/30-regular-meetings-training/1232-ares-races-meeting,www.spokares.org/index.php/component/jcalpro/30-regular-meetings-training/1232-ares-races-meeting.html,2
1066,30,Regular Meetings/Training,regular-meetings-training,ARES Net,2020-03-24T20:00:00-0700,"Tue. Mar 24, 2020 20:00 - 21:00",,,,,,,https://www.spokares.org/index.php/component/jcalpro/30-regular-meetings-training/1066-ares-net,www.spokares.org/index.php/component/jcalpro/30-regular-meetings-training/1066-ares-net.html,2
1067,30,Regular Meetings/Training,regular-meetings-training,ARES Net,2020-03-31T20:00:00-0700,"Tue. Mar 31, 2020 20:00 - 21:00",,,,,,,https://www.spokares.org/index.php/component/jcalpro/30-regular-meetings-training/1067-ares-net,www.spokares.org/index.php/component/jcalpro/30-regular-meetings-training/1067-ares-net.html,2
1068,30,Regular Meetings/Training,regular-meetings-training,ARES Net,2020-04-07T20:00:00-0700,"Tue. Apr 7, 2020 20:00 - 21:00",,,,,,,https://www.spokares.org/index.php/component/jcalpro/30-regular-meetings-training/1068-ares-net,www.spokares.org/index.php/component/jcalpro/30-regular-meetings-training/1068-ares-net.html,2
981,30,Regular Meetings/Training,regular-meetings-training,Second Saturday Amateur Workshop,2020-04-11T09:00:00-0700,"Sat. Apr 11, 2020 9:00 - 12:00",Spokane County DEM Building,1121 W Gardner,Spokane,47.666507720947,-117.429534912109,,https://www.spokares.org/index.php/component/jcalpro/30-regular-meetings-training/981-digital-training,www.spokares.org/index.php/component/jcalpro/30-regular-meetings-training/981-digital-training.html,2
1069,30,Regular Meetings/Training,regular-meetings-training,ARES Net,2020-04-14T20:00:00-0700,"Tue. Apr 14, 2020 20:00 - 21:00",,,,,,,https://www.spokares.org/index.php/component/jcalpro/30-regular-meetings-training/1069-ares-net,www.spokares.org/index.php/component/jcalpro/30-regular-meetings-training/1069-ares-net.html,2
1233,30,Regular Meetings/Training,regular-meetings-training,ARES - RACES Meeting,2020-04-16T19:00:00-0700,"Thu. Apr 16, 2020 19:00 - 21:00",Spokane County DEM Building,1121 W Gardner,Spokane,47.666507720947,-117.429534912109,,https://www.spokares.org/index.php/component/jcalpro/30-regular-meetings-training/1233-ares-races-meeting,www.spokares.org/index.php/component/jcalpro/30-regular-meetings-training/1233-ares-races-meeting.html,2
1070,30,Regular Meetings/Training,regular-meetings-training,ARES Net,2020-04-21T20:00:00-0700,"Tue. Apr 21, 2020 20:00 - 21:00",,,,,,,https://www.spokares.org/index.php/component/jcalpro/30-regular-meetings-training/1070-ares-net,www.spokares.org/index.php/component/jcalpro/30-regular-meetings-training/1070-ares-net.html,2
1071,30,Regular Meetings/Training,regular-meetings-training,ARES Net,2020-04-28T20:00:00-0700,"Tue. Apr 28, 2020 20:00 - 21:00",,,,,,,https://www.spokares.org/index.php/component/jcalpro/30-regular-meetings-training/1071-ares-net,www.spokares.org/index.php/component/jcalpro/30-regular-meetings-training/1071-ares-net.html,2
1072,30,Regular Meetings/Training,regular-meetings-training,ARES Net,2020-05-05T20:00:00-0700,"Tue. May 5, 2020 20:00 - 21:00",,,,,,,https://www.spokares.org/index.php/component/jcalpro/30-regular-meetings-training/1072-ares-net,www.spokares.org/index.php/component/jcalpro/30-regular-meetings-training/1072-ares-net.html,2
982,30,Regular Meetings/Training,regular-meetings-training,Second Saturday Amateur Workshop,2020-05-09T09:00:00-0700,"Sat. May 9, 2020 9:00 - 12:00",Spokane County DEM Building,1121 W Gardner,Spokane,47.666507720947,-117.429534912109,,https://www.spokares.org/index.php/component/jcalpro/30-regular-meetings-training/982-digital-training,www.spokares.org/index.php/component/jcalpro/30-regular-meetings-training/982-digital-training.html,2
1073,30,Regular Meetings/Training,regular-meetings-training,ARES Net,2020-05-12T20:00:00-0700,"Tue. May 12, 2020 20:00 - 21:00",,,,,,,https://www.spokares.org/index.php/component/jcalpro/30-regular-meetings-training/1073-ares-net,www.spokares.org/index.php/component/jcalpro/30-regular-meetings-training/1073-ares-net.html,2
1074,30,Regular Meetings/Training,regular-meetings-training,ARES Net,2020-05-19T20:00:00-0700,"Tue. May 19, 2020 20:00 - 21:00",,,,,,,https://www.spokares.org/index.php/component/jcalpro/30-regular-meetings-training/1074-ares-net,www.spokares.org/index.php/component/jcalpro/30-regular-meetings-training/1074-ares-net.html,2
1234,30,Regular Meetings/Training,regular-meetings-training,ARES - RACES Meeting,2020-05-21T19:00:00-0700,"Thu. May 21, 2020 19:00 - 21:00",Spokane County DEM Building,1121 W Gardner,Spokane,47.666507720947,-117.429534912109,,https://www.spokares.org/index.php/component/jcalpro/30-regular-meetings-training/1234-ares-races-meeting,www.spokares.org/index.php/component/jcalpro/30-regular-meetings-training/1234-ares-races-meeting.html,2
1075,30,Regular Meetings/Training,regular-meetings-training,ARES Net,2020-05-26T20:00:00-0700,"Tue. May 26, 2020 20:00 - 21:00",,,,,,,https://www.spokares.org/index.php/component/jcalpro/30-regular-meetings-training/1075-ares-net,www.spokares.org/index.php/component/jcalpro/30-regular-meetings-training/1075-ares-net.html,2
1076,30,Regular Meetings/Training,regular-meetings-training,ARES Net,2020-06-02T20:00:00-0700,"Tue. Jun 2, 2020 20:00 - 21:00",,,,,,,https://www.spokares.org/index.php/component/jcalpro/30-regular-meetings-training/1076-ares-net,www.spokares.org/index.php/component/jcalpro/30-regular-meetings-training/1076-ares-net.html,2
1077,30,Regular Meetings/Training,regular-meetings-training,ARES Net,2020-06-09T20:00:00-0700,"Tue. Jun 9, 2020 20:00 - 21:00",,,,,,,https://www.spokares.org/index.php/component/jcalpro/30-regular-meetings-training/1077-ares-net,www.spokares.org/index.php/component/jcalpro/30-regular-meetings-training/1077-ares-net.html,2
983,30,Regular Meetings/Training,regular-meetings-training,Second Saturday Amateur Workshop,2020-06-13T09:00:00-0700,"Sat. Jun 13, 2020 9:00 - 12:00",Spokane County DEM Building,1121 W Gardner,Spokane,47.666507720947,-117.429534912109,,https://www.spokares.org/index.php/component/jcalpro/30-regular-meetings-training/983-digital-training,www.spokares.org/index.php/component/jcalpro/30-regular-meetings-training/983-digital-training.html,2
1078,30,Regular Meetings/Training,regular-meetings-training,ARES Net - N7LL,2020-06-16T20:00:00-0700,"Tue. Jun 16, 2020 20:00 - 21:00",,,,,,,https://www.spokares.org/index.php/component/jcalpro/30-regular-meetings-training/1078-ares-net,www.spokares.org/index.php/component/jcalpro/30-regular-meetings-training/1078-ares-net.html,2
1235,30,Regular Meetings/Training,regular-meetings-training,ARES - RACES Meeting,2020-06-18T19:00:00-0700,"Thu. Jun 18, 2020 19:00 - 21:00",Spokane County DEM Building,1121 W Gardner,Spokane,47.666507720947,-117.429534912109,,https://www.spokares.org/index.php/component/jcalpro/30-regular-meetings-training/1235-ares-races-meeting,www.spokares.org/index.php/component/jcalpro/30-regular-meetings-training/1235-ares-races-meeting.html,2
1079,30,Regular Meetings/Training,regular-meetings-training,ARES Net - N7MCB,2020-06-23T20:00:00-0700,"Tue. Jun 23, 2020 20:00 - 21:00",,,,,,,https://www.spokares.org/index.php/component/jcalpro/30-regular-meetings-training/1079-ares-net,www.spokares.org/index.php/component/jcalpro/30-regular-meetings-training/1079-ares-net.html,2
1080,30,Regular Meetings/Training,regular-meetings-training,ARES SIMPLEX Net - N7GCO,2020-06-30T20:00:00-0700,"Tue. Jun 30, 2020 20:00 - 21:00",,,,,,,https://www.spokares.org/index.php/component/jcalpro/30-regular-meetings-training/1080-ares-net,www.spokares.org/index.php/component/jcalpro/30-regular-meetings-training/1080-ares-net.html,2
1081,30,Regular Meetings/Training,regular-meetings-training,ARES Net,2020-07-07T20:00:00-0700,"Tue. Jul 7, 2020 20:00 - 21:00",,,,,,,https://www.spokares.org/index.php/component/jcalpro/30-regular-meetings-training/1081-ares-net,www.spokares.org/index.php/component/jcalpro/30-regular-meetings-training/1081-ares-net.html,2
984,30,Regular Meetings/Training,regular-meetings-training,Second Saturday Amateur Workshop,2020-07-11T09:00:00-0700,"Sat. Jul 11, 2020 9:00 - 12:00",Spokane County DEM Building,1121 W Gardner,Spokane,47.666507720947,-117.429534912109,,https://www.spokares.org/index.php/component/jcalpro/30-regular-meetings-training/984-digital-training,www.spokares.org/index.php/component/jcalpro/30-regular-meetings-training/984-digital-training.html,2
1082,30,Regular Meetings/Training,regular-meetings-training,ARES Net,2020-07-14T20:00:00-0700,"Tue. Jul 14, 2020 20:00 - 21:00",,,,,,,https://www.spokares.org/index.php/component/jcalpro/30-regular-meetings-training/1082-ares-net,www.spokares.org/index.php/component/jcalpro/30-regular-meetings-training/1082-ares-net.html,2
1236,30,Regular Meetings/Training,regular-meetings-training,ARES - RACES Meeting,2020-07-16T19:00:00-0700,"Thu. Jul 16, 2020 19:00 - 21:00",Spokane County DEM Building,1121 W Gardner,Spokane,47.666507720947,-117.429534912109,,https://www.spokares.org/index.php/component/jcalpro/30-regular-meetings-training/1236-ares-races-meeting,www.spokares.org/index.php/component/jcalpro/30-regular-meetings-training/1236-ares-races-meeting.html,2
1083,30,Regular Meetings/Training,regular-meetings-training,ARES Net,2020-07-21T20:00:00-0700,"Tue. Jul 21, 2020 20:00 - 21:00",,,,,,,https://www.spokares.org/index.php/component/jcalpro/30-regular-meetings-training/1083-ares-net,www.spokares.org/index.php/component/jcalpro/30-regular-meetings-training/1083-ares-net.html,2
1084,30,Regular Meetings/Training,regular-meetings-training,ARES Net,2020-07-28T20:00:00-0700,"Tue. Jul 28, 2020 20:00 - 21:00",,,,,,,https://www.spokares.org/index.php/component/jcalpro/30-regular-meetings-training/1084-ares-net,www.spokares.org/index.php/component/jcalpro/30-regular-meetings-training/1084-ares-net.html,2
1085,30,Regular Meetings/Training,regular-meetings-training,ARES Net,2020-08-04T20:00:00-0700,"Tue. Aug 4, 2020 20:00 - 21:00",,,,,,,https://www.spokares.org/index.php/component/jcalpro/30-regular-meetings-training/1085-ares-net,www.spokares.org/index.php/component/jcalpro/30-regular-meetings-training/1085-ares-net.html,2
985,30,Regular Meetings/Training,regular-meetings-training,Second Saturday Amateur Workshop,2020-08-08T09:00:00-0700,"Sat. Aug 8, 2020 9:00 - 12:00",Spokane County DEM Building,1121 W Gardner,Spokane,47.666507720947,-117.429534912109,,https://www.spokares.org/index.php/component/jcalpro/30-regular-meetings-training/985-digital-training,www.spokares.org/index.php/component/jcalpro/30-regular-meetings-training/985-digital-training.html,2
1086,30,Regular Meetings/Training,regular-meetings-training,ARES Net,2020-08-11T20:00:00-0700,"Tue. Aug 11, 2020 20:00 - 21:00",,,,,,,https://www.spokares.org/index.php/component/jcalpro/30-regular-meetings-training/1086-ares-net,www.spokares.org/index.php/component/jcalpro/30-regular-meetings-training/1086-ares-net.html,2
1087,30,Regular Meetings/Training,regular-meetings-training,ARES Net,2020-08-18T20:00:00-0700,"Tue. Aug 18, 2020 20:00 - 21:00",,,,,,,https://www.spokares.org/index.php/component/jcalpro/30-regular-meetings-training/1087-ares-net,www.spokares.org/index.php/component/jcalpro/30-regular-meetings-training/1087-ares-net.html,2
1237,30,Regular Meetings/Training,regular-meetings-training,ARES - RACES Meeting,2020-08-20T19:00:00-0700,"Thu. Aug 20, 2020 19:00 - 21:00",Spokane County DEM Building,1121 W Gardner,Spokane,47.666507720947,-117.429534912109,,https://www.spokares.org/index.php/component/jcalpro/30-regular-meetings-training/1237-ares-races-meeting,www.spokares.org/index.php/component/jcalpro/30-regular-meetings-training/1237-ares-races-meeting.html,2
1088,30,Regular Meetings/Training,regular-meetings-training,ARES Net,2020-08-25T20:00:00-0700,"Tue. Aug 25, 2020 20:00 - 21:00",,,,,,,https://www.spokares.org/index.php/component/jcalpro/30-regular-meetings-training/1088-ares-net,www.spokares.org/index.php/component/jcalpro/30-regular-meetings-training/1088-ares-net.html,2
1089,30,Regular Meetings/Training,regular-meetings-training,ARES Net,2020-09-01T20:00:00-0700,"Tue. Sep 1, 2020 20:00 - 21:00",,,,,,,https://www.spokares.org/index.php/component/jcalpro/30-regular-meetings-training/1089-ares-net,www.spokares.org/index.php/component/jcalpro/30-regular-meetings-training/1089-ares-net.html,2
1090,30,Regular Meetings/Training,regular-meetings-training,ARES Net,2020-09-08T20:00:00-0700,"Tue. Sep 8, 2020 20:00 - 21:00",,,,,,,https://www.spokares.org/index.php/component/jcalpro/30-regular-meetings-training/1090-ares-net,www.spokares.org/index.php/component/jcalpro/30-regular-meetings-training/1090-ares-net.html,2
986,30,Regular Meetings/Training,regular-meetings-training,Second Saturday Amateur Workshop,2020-09-12T09:00:00-0700,"Sat. Sep 12, 2020 9:00 - 12:00",Spokane County DEM Building,1121 W Gardner,Spokane,47.666507720947,-117.429534912109,,https://www.spokares.org/index.php/component/jcalpro/30-regular-meetings-training/986-digital-training,www.spokares.org/index.php/component/jcalpro/30-regular-meetings-training/986-digital-training.html,2
1091,30,Regular Meetings/Training,regular-meetings-training,ARES Net,2020-09-15T20:00:00-0700,"Tue. Sep 15, 2020 20:00 - 21:00",,,,,,,https://www.spokares.org/index.php/component/jcalpro/30-regular-meetings-training/1091-ares-net,www.spokares.org/index.php/component/jcalpro/30-regular-meetings-training/1091-ares-net.html,2
1238,30,Regular Meetings/Training,regular-meetings-training,ARES - RACES Meeting,2020-09-17T19:00:00-0700,"Thu. Sep 17, 2020 19:00 - 21:00",Spokane County DEM Building,1121 W Gardner,Spokane,47.666507720947,-117.429534912109,,https://www.spokares.org/index.php/component/jcalpro/30-regular-meetings-training/1238-ares-races-meeting,www.spokares.org/index.php/component/jcalpro/30-regular-meetings-training/1238-ares-races-meeting.html,2
1092,30,Regular Meetings/Training,regular-meetings-training,ARES Net,2020-09-22T20:00:00-0700,"Tue. Sep 22, 2020 20:00 - 21:00",,,,,,,https://www.spokares.org/index.php/component/jcalpro/30-regular-meetings-training/1092-ares-net,www.spokares.org/index.php/component/jcalpro/30-regular-meetings-training/1092-ares-net.html,2
1093,30,Regular Meetings/Training,regular-meetings-training,ARES Net,2020-09-29T20:00:00-0700,"Tue. Sep 29, 2020 20:00 - 21:00",,,,,,,https://www.spokares.org/index.php/component/jcalpro/30-regular-meetings-training/1093-ares-net,www.spokares.org/index.php/component/jcalpro/30-regular-meetings-training/1093-ares-net.html,2
1094,30,Regular Meetings/Training,regular-meetings-training,ARES Net,2020-10-06T20:00:00-0700,"Tue. Oct 6, 2020 20:00 - 21:00",,,,,,,https://www.spokares.org/index.php/component/jcalpro/30-regular-meetings-training/1094-ares-net,www.spokares.org/index.php/component/jcalpro/30-regular-meetings-training/1094-ares-net.html,2
987,30,Regular Meetings/Training,regular-meetings-training,Second Saturday Amateur Workshop,2020-10-10T09:00:00-0700,"Sat. Oct 10, 2020 9:00 - 12:00",Spokane County DEM Building,1121 W Gardner,Spokane,47.666507720947,-117.429534912109,,https://www.spokares.org/index.php/component/jcalpro/30-regular-meetings-training/987-digital-training,www.spokares.org/index.php/component/jcalpro/30-regular-meetings-training/987-digital-training.html,2
1095,30,Regular Meetings/Training,regular-meetings-training,ARES Net,2020-10-13T20:00:00-0700,"Tue. Oct 13, 2020 20:00 - 21:00",,,,,,,https://www.spokares.org/index.php/component/jcalpro/30-regular-meetings-training/1095-ares-net,www.spokares.org/index.php/component/jcalpro/30-regular-meetings-training/1095-ares-net.html,2
1239,30,Regular Meetings/Training,regular-meetings-training,ARES - RACES Meeting,2020-10-15T19:00:00-0700,"Thu. Oct 15, 2020 19:00 - 21:00",Spokane County DEM Building,1121 W Gardner,Spokane,47.666507720947,-117.429534912109,,https://www.spokares.org/index.php/component/jcalpro/30-regular-meetings-training/1239-ares-races-meeting,www.spokares.org/index.php/component/jcalpro/30-regular-meetings-training/1239-ares-races-meeting.html,2
1096,30,Regular Meetings/Training,regular-meetings-training,ARES Net,2020-10-20T20:00:00-0700,"Tue. Oct 20, 2020 20:00 - 21:00",,,,,,,https://www.spokares.org/index.php/component/jcalpro/30-regular-meetings-training/1096-ares-net,www.spokares.org/index.php/component/jcalpro/30-regular-meetings-training/1096-ares-net.html,2
1097,30,Regular Meetings/Training,regular-meetings-training,ARES Net,2020-10-27T20:00:00-0700,"Tue. Oct 27, 2020 20:00 - 21:00",,,,,,,https://www.spokares.org/index.php/component/jcalpro/30-regular-meetings-training/1097-ares-net,www.spokares.org/index.php/component/jcalpro/30-regular-meetings-training/1097-ares-net.html,2
1098,30,Regular Meetings/Training,regular-meetings-training,ARES Net,2020-11-03T20:00:00-0800,"Tue. Nov 3, 2020 20:00 - 21:00",,,,,,,https://www.spokares.org/index.php/component/jcalpro/30-regular-meetings-training/1098-ares-net,www.spokares.org/index.php/component/jcalpro/30-regular-meetings-training/1098-ares-net.html,2
240,27,Weekly Net Controllers,weekly-net-controllers,KE7RAP,2021-08-17T20:00:00-0700,"Tue. Aug 17, 2021 20:00 - 21:00",Spokane Fire Training Center,1618 N Rebecca,Spokane,47.673828125000,-117.351425170898,,https://www.spokares.org/index.php/component/jcalpro/27-weekly-net-controllers/240-ke7rap,www.spokares.org/index.php/component/jcalpro/27-weekly-net-controllers/240-ke7rap.html,2
180,27,Weekly Net Controllers,weekly-net-controllers,KF7MCE,2021-08-24T20:00:00-0700,"Tue. Aug 24, 2021 20:00 - 21:00",Spokane Fire Training Center,1618 N Rebecca,Spokane,47.673828125000,-117.351425170898,,https://www.spokares.org/index.php/component/jcalpro/27-weekly-net-controllers/180-wa7dgi,www.spokares.org/index.php/component/jcalpro/27-weekly-net-controllers/180-wa7dgi.html,2
1341,28,Upcoming Exercises,upcoming-exercises,Stimulated Exercise Test (SET),2021-10-30T08:00:00-0700,"Sat. Oct 30, 2021 8:00 - 12:00",,,,,,,https://www.spokares.org/index.php/component/jcalpro/28-upcoming-exercises/1341-stimulated-exercise-test-set,www.spokares.org/index.php/component/jcalpro/28-upcoming-exercises/1341-stimulated-exercise-test-set.html,2
1389,28,Upcoming Exercises,upcoming-exercises,Rockford Exercise,2022-10-29T08:00:00-0700,"Sat. Oct 29, 2022 8:00 - 9:00",,,,,,,https://www.spokares.org/index.php/component/jcalpro/28-upcoming-exercises/1389-rockford-exercise,www.spokares.org/index.php/component/jcalpro/28-upcoming-exercises/1389-rockford-exercise.html,2
623,27,Weekly Net Controllers,weekly-net-controllers,W7TSC,2023-05-02T20:00:00-0700,"Tue. May 2, 2023 20:00 - 21:00",Spokane Fire Training Center,1618 N Rebecca,Spokane,47.673828125000,-117.351425170898,,https://www.spokares.org/index.php/component/jcalpro/27-weekly-net-controllers/623-w7tsc,www.spokares.org/index.php/component/jcalpro/27-weekly-net-controllers/623-w7tsc.html,2
241,27,Weekly Net Controllers,weekly-net-controllers,W7TSC,2024-03-05T20:00:00-0800,"Tue. Mar 5, 2024 20:00 - 21:00",Spokane Fire Training Center,1618 N Rebecca,Spokane,47.673828125000,-117.351425170898,,https://www.spokares.org/index.php/component/jcalpro/27-weekly-net-controllers/241-w7tsc,www.spokares.org/index.php/component/jcalpro/27-weekly-net-controllers/241-w7tsc.html,2
1612,27,Weekly Net Controllers,weekly-net-controllers,KK7SAB,2026-09-01T20:00:00-0700,"Tue. Sep 1, 2026 20:00 - 21:00",,,,,,,https://www.spokares.org/index.php/component/jcalpro/27-weekly-net-controllers/1612-kk7sab,www.spokares.org/index.php/component/jcalpro/27-weekly-net-controllers/1612-kk7sab.html,2
1609,27,Weekly Net Controllers,weekly-net-controllers,AE7RJ,2026-09-08T22:00:00-0700,"Tue. Sep 8, 2026 22:00 - 23:00",,,,,,,https://www.spokares.org/index.php/component/jcalpro/27-weekly-net-controllers/1609-ae7rj,www.spokares.org/index.php/component/jcalpro/27-weekly-net-controllers/1609-ae7rj.html,2
1610,27,Weekly Net Controllers,weekly-net-controllers,WA7LNC,2026-09-15T22:00:00-0700,"Tue. Sep 15, 2026 22:00 - 23:00",,,,,,,https://www.spokares.org/index.php/component/jcalpro/27-weekly-net-controllers/1610-wa7lnc,www.spokares.org/index.php/component/jcalpro/27-weekly-net-controllers/1610-wa7lnc.html,2
1611,27,Weekly Net Controllers,weekly-net-controllers,KE7RAP,2026-09-22T22:00:00-0700,"Tue. Sep 22, 2026 22:00 - 23:00",,,,,,,https://www.spokares.org/index.php/component/jcalpro/27-weekly-net-controllers/1611-ke7rap,www.spokares.org/index.php/component/jcalpro/27-weekly-net-controllers/1611-ke7rap.html,2
1613,27,Weekly Net Controllers,weekly-net-controllers,NZ2S - Simplex,2026-09-29T20:00:00-0700,"Tue. Sep 29, 2026 20:00 - 21:00",,,,,,,https://www.spokares.org/index.php/component/jcalpro/27-weekly-net-controllers/1613-nz2s-simplex,www.spokares.org/index.php/component/jcalpro/27-weekly-net-controllers/1613-nz2s-simplex@Itemid=154.html,40
